X1,X2,X3,X4,X5,X6,X7,X8,X9,X10,X11,X12,X13,X14,X15,y
-1.149459894532474,0.5755136750973029,-1.535205370993428,0.8895821651651692,1.438268263800943,-0.1373943935141832,-0.8727482157461312,2.4519867117335297,2,0,2,1,4,1,2,0
-0.1031265173102755,-0.8701943792636511,-1.0268598094490966,0.09693672202517076,-0.44299066705056,-0.1891207643550949,-1.769639390776256,-0.8336719026534867,2,1,0,0,2,2,0,0
-0.10044096752208975,-0.6467345654531489,-0.8617708788793432,-0.24018760058158656,1.7681076234086426,0.10263492770854464,0.019175425345902164,4.478496215435891,3,1,3,0,4,1,2,1
-0.7714483120357785,0.16010540074999563,0.3104516556116129,-0.5020139279298921,-0.9094561852861259,0.41687961287839853,0.2337825681887129,0.6746127760747074,0,0,4,0,4,2,4,1
0.05399910094888227,-1.8785687223136558,-0.9590915702134347,0.8553875595112177,0.06896504670281897,-1.265961669375118,0.9267022983483444,3.093409600189696,3,1,3,1,1,0,0,0
-0.650052640109652,-0.05944436362820832,-1.0594068679422488,0.08954891836519632,-0.07600041687159872,1.5307766296692156,2.347643165065078,-0.05744844777955871,1,1,3,0,3,1,4,1
-0.4504205288461055,0.037650849423489285,0.8477391264536313,0.8842626924035373,0.9404856615324297,-0.6846485572138872,-0.039074912056760225,2.3733063426077683,2,1,2,0,3,0,3,0
-0.6389021187235306,0.4677074087243997,-1.8416184025201754,-0.11970126348895872,2.1450463942260685,-0.3774957603178811,2.1165359646645947,-0.8392555506343284,2,0,2,0,2,2,1,1
-0.775295652029413,-0.2570832283136889,-1.428727788739688,0.00797606594619954,-0.974308536433107,-2.1555623351976854,2.2249764974801294,0.4275737656910154,0,1,0,1,1,0,4,0
-1.3646838736468592,-2.0085141254273347,1.0067579964380258,0.7022113785192932,-0.5036085679757469,-2.7079383305490223,-0.6940840630920365,2.130429161354966,3,0,0,1,3,1,1,0
-1.290543938042079,0.5786147023944201,0.8999400884890868,-0.49260594048071615,0.010236078988776952,1.5544288218959008,0.04425034381180826,3.673598851926246,2,0,3,1,0,1,0,1
-0.3940690695348782,-1.2688015945313325,-0.8077649628993613,-0.9393006643254069,1.2618509289804796,1.5481567000699672,-0.40335561838979916,-0.6860021495862085,0,0,4,1,1,1,4,0
-0.5846132980939422,0.031113087667999584,-0.15716331339497475,-1.4863793783576962,1.5056664189418718,0.8291943572032648,0.8101110908168956,-3.129161117213632,3,1,1,1,2,2,3,0
0.20676559047156484,-1.2251088939711137,2.404414631707324,0.11159507369240829,-1.6743563818942413,1.1222681410029838,1.7400474342554042,0.01040165881119487,0,1,1,1,0,0,3,1
-1.1290331423396933,-0.4829197314681497,-1.3403534171414884,-0.004202523015102808,0.6405725983082037,-1.242515396438513,2.089424249167614,1.5328514602761685,2,1,1,1,2,0,1,0
0.10177626395560668,-1.2299834042065818,-0.17171263264167821,-0.5760217902272282,2.3433689451120614,-1.0946260734647502,-2.591846329613161,-2.080334865253447,2,1,3,0,2,2,4,1
-0.6649973257149411,-0.2438543579978892,-0.27410863237422095,0.7295991559508441,-1.2233965113477987,-0.31012472675403824,-1.786051179041022,-1.0125108246576746,1,1,1,0,0,2,1,1
-1.0032024772176689,-1.4117308613146184,1.1068736955236833,0.3955759172895771,-1.4220440869079414,0.7294700956320955,-0.30805786138541735,1.5617887268835944,3,1,4,0,0,2,2,1
0.12362433889670965,-1.2085156677361184,-0.3936208775247002,-0.5004734072592905,-0.3326475441165181,-1.4849409504353472,0.5885833410562971,1.3568932134697054,2,0,0,0,4,0,4,0
0.11643891190999545,-0.5814597255858662,0.977664673761092,-0.9322591795821311,0.0022011518917580963,-3.275451218396233,1.4651555045318099,-0.15612991200051252,2,1,1,0,2,2,1,1
-0.10047491544911347,0.11393445018159865,-0.4347262678901207,1.6951927941235574,-0.7766507020282327,-0.05398477279593428,2.0532961481931187,-1.3779393421021209,2,0,2,0,3,1,3,0
-0.21364361348614774,0.4315611015536766,-0.9275376705130363,-2.2036458936676433,-0.5235797293069663,-2.5552660514324064,-1.3173415506791817,-2.4826744849354774,1,0,2,0,1,0,2,0
-0.048256239421406166,-1.0496622312205417,-0.5798008833879879,2.2187516704491568,0.8596856245323257,1.7295218683184197,-0.04754198819882488,2.223598670717617,1,0,1,1,3,1,2,1
-1.3936903422471763,-0.45678469676681216,-0.45306755825275125,2.060767114239718,0.230683562718388,0.6637673222201677,1.1620846699229166,1.2899106967394747,3,1,0,0,3,1,3,0
-1.081603734306326,-0.04704094929871311,-0.8366333694495114,-0.28706594605473845,2.5442744956966594,-0.4777184533345745,0.46837107816732293,1.0760693104369345,1,0,0,0,3,2,3,0
-0.6500440433914801,-0.27422631975050527,1.0536291639827637,0.4525951358655576,1.036488738827976,-0.25371867330318437,-0.17489451398439504,0.05631443660652835,0,0,1,0,4,0,1,1
-0.5151312155520018,-0.13857856701596807,-0.2891276989369056,0.2379749657597504,0.05444808579096595,-0.9168486240856906,-0.09430412556730494,-0.6077562203705338,0,0,2,0,3,0,2,0
-0.4175495166528831,1.4475683346287032,0.5872088711858876,-0.6386499690093159,0.11907299135561587,3.302430636653125,-2.294911930307024,3.020094992694267,0,1,1,1,1,1,2,1
-1.1221349423111802,-0.07171603744360205,0.863101786418412,0.7074377885397338,-1.1473531378250537,-2.600449531641104,0.19552845235823046,0.8925923620888461,2,1,2,1,0,1,2,0
-1.1583535060195527,-0.6516971733921335,-1.2907634452592296,0.6269020098665725,0.6196330160425465,-1.1158378845064612,2.4488123407041162,1.881607329308847,0,1,4,1,1,0,3,0
-0.23713627720164948,-0.8990240606032152,1.7632184284727175,-1.1305227630846495,0.5356347123610886,2.1240626994753704,-0.36799952913770784,1.5153126782875956,0,0,4,0,1,0,1,1
0.2250619918219624,-0.02831608556255366,0.4969451411895681,-1.51538803785564,2.58442086571839,-2.136325366309557,-0.9539967380427145,-1.7233572066932776,3,1,3,0,1,2,4,1
0.3770844089161688,-0.6531662291163796,0.0044768139452524836,-1.2895941603204089,0.465110643463679,-1.9797484334146784,0.8794019900583354,-0.16656788215999718,3,0,3,0,0,2,3,1
-0.2909766014679566,0.49371848549512204,0.3927164793031447,0.5041908738364484,-0.16082101656160788,0.6800962971771826,0.918920659218605,-1.2155170253139587,3,1,1,0,0,2,0,1
-1.1766279981125571,-0.19235064792691578,0.47834824679851085,-0.6664957994335192,-1.426161444934335,-0.5219855831962369,4.833264698478542,-1.4165727338916279,3,0,3,0,4,0,0,0
0.30812746536266244,-0.06502986350585954,0.17761614553818483,1.828392707676635,-0.9689715283674594,-2.3257300716055394,2.1821333185428062,-0.4450144793474595,1,1,4,0,2,1,1,1
-1.0189219315558204,-0.362677721855686,0.3465272944520279,-0.007317598157632416,2.5190647650487303,0.4016259180498183,-0.6566220365531744,2.8503653103565725,3,1,1,0,4,1,2,1
-1.049158522444869,-0.2632413714877119,-1.7457659514323027,0.022202986366317443,0.8705619779694984,0.6435948693508267,2.616869206390397,-0.450597068384319,2,1,1,0,2,1,0,0
-0.6890049637114067,-0.6052230308768985,-0.880027689915424,-1.7562044416184344,-1.0273350752279238,0.06987728850079783,-1.3124821801641628,1.1713484881034621,2,1,4,0,4,0,1,0
-0.5715960107654455,1.0210330789672726,0.23568809653212752,0.8789127799339116,-0.21407322533730377,1.769615976705218,0.5099855064428098,-0.45038070294783983,1,0,0,1,3,0,2,0
-0.20698084803973088,-0.005300347045719522,0.6055427939670358,-1.6612394043127865,0.974155973769126,0.16108039628709836,2.1594796551273294,1.8548801899337761,1,0,4,0,0,2,1,1
0.2796360155003198,-1.5885539376742526,-0.22520913964354775,0.5155179429640844,-0.3921735003829507,1.8824108459755144,0.9714354115966459,-1.2059492619973025,3,0,0,1,3,2,4,0
-0.42875617944156696,-0.8490555305349657,-0.5682941891612185,-1.9748362589563875,-0.5661784514854391,1.101243910324919,0.6575163159530681,1.2783977345194644,3,0,1,1,1,2,0,0
-0.6776545155088491,-0.6502501130143276,-0.8390011505980361,-0.6616738131257656,-0.5596348547486057,1.2300322977703548,-2.768750965120539,3.77493705436105,2,1,0,0,2,2,0,0
-1.2927429594179036,0.6532176954798714,-0.411991194532567,-1.2421945526558555,-0.38636937526239074,0.5551414436950558,-0.8947931890259678,-1.0252663565856381,1,1,2,1,4,2,1,1
-1.0699450102074057,-1.7684743911211773,0.7063622057254655,0.5716313555961778,0.1561348315651197,-1.3719121348620136,-2.6481955378935145,1.3910578363856763,0,0,4,0,3,2,4,0
-0.8239371958936459,-0.6834813815388017,-1.2575279559144694,-0.1316015106899452,0.30491089631145485,0.08392808415468558,-2.4566776101695735,-0.6791047910243353,3,0,3,0,0,0,3,0
-0.0754588865476869,-0.06548577440303738,-2.1894954052033144,-0.449537900002197,0.6674530134298888,-0.05349369449795688,-1.8523564273117494,1.3618377187024158,2,1,2,0,2,2,3,0
-0.324990264333592,-0.9216112667744039,0.6239817483788023,1.9488349184002216,0.47231754882664734,-1.9131995736649954,-1.1702507472297001,-0.863741286881065,1,1,0,1,0,1,1,1
-0.4991856217307437,0.8096274332725437,1.3840344249151215,-0.34582086078811464,-1.9131899683693432,0.6713930098946417,2.5609509729226025,-2.2246666215051665,0,0,2,1,1,1,1,0
-0.7808885444665316,0.1724527943592123,0.06821509184848773,1.7657392221353263,-0.7319930326052413,-0.6892483432091374,2.9298469920044035,-0.031370780741024396,0,1,2,0,2,2,1,1
-0.7826189061073123,-1.1278329062113184,-0.6896876948902176,-0.4004065675969856,-1.4430618367884303,-0.010291752781895896,-0.01175375842908677,-1.2130130240040058,1,0,1,0,3,2,3,0
0.12072808846737149,0.7805618162739123,1.0728070586069123,0.47812318400916126,0.4490197034598325,0.718657071723244,0.7998618930240735,1.045670093812105,0,0,4,0,0,1,2,1
-0.09525133925385276,-0.6489716723394787,1.095416829637713,0.954275806401323,0.7558565086958744,-0.33584164870059097,-0.4810434703378047,0.33970280539628883,1,1,4,1,0,0,3,1
-1.127437612980302,0.969918707793153,0.5497989337234198,-0.49328807620148574,-0.24381036767326397,1.2105434766626373,2.2638032505977534,-1.786175394483573,2,1,1,0,2,0,1,1
-0.02571064659444222,-0.23971863546585004,0.8628967694315423,-1.1403295408926784,0.6784029069561857,2.4927728407659924,0.505715875910562,-1.5576908013599833,2,1,4,0,4,2,1,1
-1.3780273438493666,0.3791393966064746,0.9724265230699306,-0.5249471140591803,-1.3936182483559227,1.0983631085642758,-0.05152159359165337,-0.1737579325887103,2,0,4,1,0,1,2,0
-0.08521527656549771,0.05515969429401718,0.44109924125392364,-0.8028357248079507,-2.0272244223006117,0.678225029872126,0.75190757574258,-2.244733399461838,3,0,4,1,0,2,1,1
-0.8371090465899937,-0.2797203708186306,1.0492188933770419,0.9098604530615537,-0.5459427856856974,1.4623008444209626,0.17185941326100274,1.3201661845373964,1,0,0,0,0,1,0,1
0.5179097970962325,0.2488937990674696,0.05821695360899781,1.0991686793734299,1.2603442995605292,-1.2363185901650844,-2.041928519798361,1.4927197900454412,0,1,1,1,2,2,1,1
-0.23521391415490017,0.04256661671038714,-2.276940891932596,-1.0822329022501294,1.0293073935613872,2.2073144394662076,0.32648131903016403,-4.2671799513710775,0,0,0,0,1,2,0,0
0.8402842912724453,-0.8382235811971327,1.310523373479334,0.8223124956480798,2.6533196733330806,1.7872211110017349,-2.506382723689436,2.3680507835631097,2,1,3,0,4,1,4,1
-0.8616864237597901,-1.0660949079941546,1.2741872401928394,-0.8702886800897058,0.0248131986538683,-0.4237198140774824,2.032321264985248,-0.575678777362862,2,0,3,0,2,0,1,0
0.3224886625279788,-0.7217966878551333,-0.46561873120967007,-0.3334209788581439,0.05898308238374163,0.6891635593847398,1.5297287708989948,0.8708020849051121,2,1,0,0,1,2,4,1
-0.9281457432186871,-0.2015426705310844,2.034282979066,1.735529852014309,-0.3146864681369291,0.7902472922376691,0.06235837554229612,4.285434475454773,2,0,2,0,1,0,0,1
-0.1377758770827947,0.10493964905756376,0.01961059373885987,-0.7794974510349402,-2.2809886497057237,1.7690179718532455,1.5586743409101436,2.1526699319489753,2,1,2,1,3,0,2,0
-1.4294761564546916,-1.714512271825098,-0.2744889096274849,0.5521696132246408,0.5402379218877323,-0.8392256931298185,1.8039396027259715,1.160483373543673,1,0,0,0,2,0,2,0
-1.0269091114065525,-1.6070953610925143,-0.37276331384475103,0.1657927340549576,-0.8059110704295166,0.8351316556443441,0.34425618295721405,-1.928920619344741,1,0,3,0,1,1,0,0
-0.14426073795934297,-0.12708031466390746,0.6484129968880546,1.1204328649523283,0.09296820503613917,-1.6858652394462428,0.6377401596912704,-0.04878246574632039,1,1,4,0,0,1,0,1
-1.4766096746788733,0.06616280294733079,1.7150924083746788,-0.0777421765687452,-0.6232612523731608,-2.6776205541402733,1.6545816127261617,-0.741192005466415,3,1,0,1,2,2,1,0
-0.8137730198827235,0.8309172777315141,-0.916289406502943,0.0240812514629834,-0.8714448325953918,2.8709802092072376,-3.49683680696688,0.3019804937684971,2,0,0,0,0,2,2,0
-1.2189890405817119,0.28795970099540874,0.4996748444369483,-1.7914141621774822,-0.667558562561846,1.4005905620883798,0.6347517717595113,1.6540113258328841,3,0,3,1,3,1,2,0
-0.02704990737638857,-0.15271947103964326,0.38983030471181523,1.5735477719528108,1.0058952246356097,-2.507715040012071,1.5834782326388699,-0.11012627337084657,1,0,3,1,3,0,3,0
-0.7376057184154013,-0.6223629283767182,0.19331868468605168,0.3050156885653281,-0.3415560063640262,0.44354774677419306,-1.2945165829169145,1.6564964135358708,2,0,1,1,2,1,4,0
-0.45143611235043773,-0.9805298343571294,0.5492066488567479,-0.7072820846944523,-1.634533556650305,-1.231097459448551,0.48670426231106856,2.7541180438445636,0,1,2,0,4,1,1,1
-1.5937867939403545,-0.38601302063467485,-0.44909488186925095,-0.9473420570766056,-0.5918783098874948,0.3447770428538953,1.3223197054964921,-1.2828711477353643,3,1,3,0,1,0,3,0
-0.554083166373588,0.14131746983430532,0.9260110455413738,-0.040682534259746744,-0.4065736817576951,1.730083909858257,-2.9691235301986514,1.982179328988371,1,0,0,1,4,2,0,1
-0.3209519958958802,-1.405639274303673,1.3501032163755688,1.9546734107383072,0.45910516768496606,-1.402009453314107,0.5924831552722298,-0.7175511467617777,1,1,2,0,3,0,2,0
0.07702864135375931,-0.5176253655969096,0.5743678681259192,0.4137931522842074,0.49728337737548756,-1.0339773182871652,2.127711817449016,-1.8978019369200747,1,0,4,0,2,0,4,1
0.1429486492124603,0.20244640808275188,0.24538731630168398,-0.5586608070958126,1.7808972854629264,0.9841188229160647,3.7047353073059273,-1.3736623387939615,3,1,0,1,0,0,3,1
-0.8947903152613904,-0.8603770174065837,-0.35756528758467465,-0.6625133514194477,-0.1863935028053259,-1.403377474151741,1.5818359988685602,0.9491965398235794,1,0,0,1,2,1,4,0
-0.6221775371453209,-0.7941890756951646,0.9426671235682101,0.173571821317919,-0.5627990378473432,2.255230038672396,2.7727285149596854,0.12967657525506604,1,1,3,1,4,2,0,1
-0.5601237194694677,0.15923740368026823,-1.8656261382507116,-1.575219744075278,2.995080044312582,1.6330180114381245,-0.6654680810199015,-0.7122169389714488,2,0,0,0,0,0,4,0
0.31748565467448575,0.3310528189322682,-0.6668904727453893,-0.37845598457950386,-1.9453482280966525,1.5714085450616282,1.3520839552865396,-1.7287328529695687,3,0,4,0,3,1,1,0
-0.46953377817725583,-0.05303469353155682,-0.0773235249623904,0.19649460798668084,1.6689312926671953,-1.561416204285649,0.23902353141504812,0.06860700232021671,0,0,1,1,2,2,4,0
-0.815208712247057,-0.4337960262863727,0.6413671643142889,-0.32691805087571413,3.3864476320292143,-0.6399475049148836,1.2939583174527183,-1.4450603760147915,1,0,3,1,0,0,4,1
0.08876105804389411,-1.154349876317192,0.9423624487417303,1.6522439800421937,-0.44787492573274845,-1.2646896536966996,1.766063093161955,-1.70919614626908,0,0,2,1,1,2,1,0
-0.4645844389557672,0.5088974790456688,0.8794330225417372,2.458650673576442,0.43857736551130366,1.7257925972281583,-2.4767100188738387,-2.6147131749285566,1,1,1,1,1,1,2,1
-0.22978985176418643,-0.19325374606971488,0.08596556589758647,1.2176612963915106,0.0649050123274965,0.5709412137841109,0.005790204127042786,2.6230590495598345,2,0,2,1,2,0,4,0
-0.9596984571519446,-0.524612889493866,-0.48630979718941353,-1.050188972961163,1.311832075225692,1.227817256127993,0.6817204106393309,4.128396831053382,1,1,1,0,4,2,3,1
0.22997870429084744,-0.3833711894534068,1.036566481058145,1.6403619551092208,-2.8442303372075965,-0.4332835042136277,2.9308377619357904,0.6224932124010505,2,0,1,0,2,2,1,1
-1.0242855602000553,-0.2208014391854124,1.2214853610055276,-1.1353080579663137,0.12890149420429145,0.7674490270155505,-1.4814483631703452,2.7355647896472295,2,1,4,0,2,2,2,1
-0.2347871197489943,-1.260397892611574,0.3746998272146821,-1.2838956268015391,-0.5218252693472093,-1.3180706789242327,-2.258685620267677,1.5986850377321973,1,0,4,1,1,0,4,0
-0.26449846216635103,0.23518735681867692,1.4670130762266145,-1.2450239329974706,-1.1606061754319987,-0.34876204028588387,2.6704594035459124,0.7049008469243445,0,1,0,1,3,1,3,0
-1.6595326035032116,-0.581601946611257,-2.765258356684628,-1.2134016075285474,0.26263706545665455,1.7204780347524746,1.18834074651875,0.5802297831300057,1,0,2,1,1,0,3,0
-0.671945072303948,-0.9409922989893644,0.349908238369658,0.7555499111846908,1.3294714122750002,-0.3106914186466373,1.7853950691574663,4.013954615822222,1,1,1,0,3,1,0,1
-1.7190273314556976,0.4063485201242501,0.7357164202206863,-1.084743108442389,-0.7217106387047166,-0.757967218965641,-0.9329992444247343,-0.8751703943336717,2,1,0,0,2,0,4,0
-0.9795473997903564,-1.3363834916775392,-0.32984875778960676,0.42276154468249977,0.9701061355648931,2.072627251454968,-1.8421761656497542,4.456945248080544,1,0,3,1,2,0,3,0
-0.7150074040022072,-1.0495419204633045,-0.19811634391107788,-1.836168837688984,0.08689615115427972,1.8186331001997478,-0.4251621617821365,-0.4498337107958713,0,0,0,0,1,0,1,0
-0.7678589654175939,-1.1773178810066935,0.7028676672669967,1.3064392051268474,0.8565105254625635,1.5730715683193135,-0.988156162273866,3.0434679085012926,3,1,4,0,1,0,3,1
-1.163354333935704,0.032419165638377156,-1.1939161067252144,0.1987483100151622,-1.0789693116970043,0.7383322694843821,2.0533925033478106,-0.49787302764098307,2,1,0,1,2,1,3,0
0.6271135557525316,0.07764346293909635,-1.211264302972797,0.3647565953422229,-0.6393266709375767,0.5377389801404205,-0.29218664425427443,-0.6068561465022779,0,0,4,1,4,0,3,0
0.04940850943867592,-1.074424992852164,-0.3611582002251075,-1.6509537374576098,0.5023935930845896,-0.5904765455424565,0.5211046830555756,0.9601721520327862,1,0,1,1,4,0,2,0
0.7022684550106011,0.6544694307387995,-1.5495406564788765,-1.6020148628239945,-0.7670288871874611,-0.6241249879299224,-1.2829107704206275,-0.6950310028982198,2,1,3,1,3,0,1,0
-0.006562391531334977,0.48970388316936725,-0.2359931482304311,-1.9186838012229446,0.528816436984625,-3.1212052032760935,0.4634710305540311,0.9079485352153465,0,1,4,1,4,0,0,0
0.010524613051608789,-0.32458512732408623,0.18895294780614597,-0.2547869128875472,-1.9203178739870677,0.931470480657523,0.42603077646238713,2.973862719769518,0,1,0,0,2,0,3,1
0.10851866741915095,-0.8887527593536961,2.1738539044059166,-1.6027410389536567,-1.7461645237370418,0.023157369913797465,1.326848982649906,2.047814505103212,3,0,4,1,1,0,3,0
-1.0008259216844733,-0.6005590630870997,0.2803912470536218,1.642992927470396,-0.16200797524122154,-0.5589811221154191,1.375510713581929,-0.14487135014623154,0,1,3,0,1,2,4,1
-1.01976889123337,-0.13458558923726113,-0.7002811997473943,0.16514334578278134,1.4225400531012544,0.8699048457448201,0.19219042832018982,-2.1303655107206896,1,1,1,0,2,0,1,1
-0.5395181604882489,-0.8004257425557068,1.1238487832938038,-2.2630800982460872,2.3259321660530548,-0.4380956212879178,-1.1484618511392486,2.687121622103887,0,0,1,0,0,2,3,1
-1.1817320947636127,-0.5183701576865444,-0.07506215919712214,-1.9457910533169878,-0.6314312027459232,0.7780883005100032,-0.9707375628115057,-1.7519970935439155,3,0,3,1,2,2,2,0
-0.46479643215794736,0.06099650376710808,0.33896023044017964,1.1399661805070673,-0.23641129126374616,0.7753391896097396,0.7520042429777797,0.791490910244463,0,1,1,0,4,0,1,1
-1.410566594730462,-0.29591173981997854,-0.17276911690455746,0.003890357676008954,-0.3789998102010268,0.08124620203287242,-1.624592191550772,-2.2462570857443835,3,1,1,1,4,2,2,0
-0.3929412029708482,-0.686758478669435,2.5912842824763467,1.8582492384936231,1.4863021033226425,0.702408817849048,1.7836836337267252,3.2233032458436566,2,1,4,1,3,0,2,1
-0.34755625725771433,-0.16830701015675623,0.7063657541113957,-0.9627425949071311,0.7852949257983599,1.0162579581028632,1.3702837098625396,0.7309054002143782,3,0,3,1,2,1,0,0
0.2705772407911978,0.11242480040956587,1.6207857188349193,-0.09281031037151583,-0.2578615225703855,0.575263655233092,0.015579299113703537,-1.3119292889894758,2,1,0,1,1,2,0,1
0.10826957415031135,-0.4165236979288616,-0.45606957931683584,0.4778773211065464,-0.27129167223386186,0.41846072379607335,-2.445825511212838,-1.6038903063267989,0,1,1,0,4,1,0,1
-0.3781786058963288,-0.6983165004552518,-1.7594075080518605,0.03462236016775659,-0.4345566185346875,0.7013348226347333,1.6447799678167656,-0.46005412264631806,0,0,3,0,4,0,4,0
0.09702262783216442,-1.335687856018129,-0.47355276586795647,1.2300079052229729,-1.0140574050808908,-0.47760649271360056,3.327912984061757,-0.998844019791588,0,0,3,1,3,0,3,0
-0.7413640217111462,0.05914977069571509,1.1098364424386928,1.3299468642004522,-3.020413402320078,2.3307623519287457,1.1228811658355924,-0.9428556551192258,3,0,2,1,2,2,0,0
-1.0086736124903553,0.10799917603961579,0.3739423638390448,0.05531210257917979,-1.639600929974845,0.9303908994471898,-1.1825250672895717,-2.454788570421284,2,1,3,1,0,2,1,1
-0.283688868691803,-1.0242067332244174,1.1157575223604925,-0.5826914083776948,-0.08319073592770437,1.0226271227939314,0.4371060247257239,-1.122870617696546,3,1,4,1,4,1,1,1
-0.008965881228992945,-0.9112443313832266,-0.34243449057147374,0.24859471856115334,2.371002323580986,-0.5419918782369827,-0.6404145539852596,2.1074053377131197,2,0,2,0,3,0,4,0
0.17212278625500443,-1.1874741732573637,-0.8813088875276284,-0.6488214487645314,-1.01608253361989,0.9350435930675165,1.0193791878093663,-1.0800284378053169,0,0,1,0,4,0,1,0
0.2888258544975286,-0.15279975591994374,1.773762511342467,-1.9272976107453665,0.15418203539508774,-0.1176984804550496,0.5943466944264313,-1.4883701687854036,0,1,1,1,0,2,4,1
-0.5785620238131308,-0.7528505139017165,-0.15470362987180336,1.3195102885085743,0.5487877733681039,0.9859788893030893,-1.6468954871657249,-2.4784539612650067,1,0,0,1,1,1,2,0
-1.7058422679491414,-0.13329180254986803,-0.6346100238469794,0.16432388238237455,2.043294210710358,1.151986645100493,3.460923884200414,1.2794365338610603,1,1,2,1,4,2,0,1
-1.0235192004680518,-0.7269226229285131,-0.04211287010862813,0.05314763490530604,1.3309824262643177,0.3105206724380302,3.2461299962805934,2.2882495017339792,2,0,3,0,0,1,3,1
-0.7080083030525963,-0.5655349594038297,-1.4437961290597325,0.939330874436588,0.7999901335853804,1.1054516723240124,-0.3850112818727971,2.0910083697660027,0,1,1,1,1,2,0,1
-0.6481091760889752,-0.5318005239689073,0.6828994042434695,1.3037667217040474,0.9305433746640441,-0.2710914731623078,1.7087506119785583,-0.0029718293206215662,3,0,4,0,1,0,2,1
-0.21515796965697132,-0.36380673476129927,-0.2676323457522049,-1.640099571228069,-2.8631119614577774,1.4617490488100056,0.6931988394821421,-0.0915802561299699,2,0,1,1,1,0,1,0
-1.25799191683869,-0.4883852122994755,0.38141839715355796,0.3438571528110399,0.5833846291826834,-0.8774223745305887,2.444832074412334,-1.4277488630293176,3,0,4,1,1,0,1,0
0.23949200895550138,-0.9011402403387028,-1.3309768950147016,-1.546659864109436,1.2892409461610597,0.07733961348852494,2.287290584100695,1.8175949221583407,2,0,3,1,0,2,4,1
-0.3631278049033536,0.4932225449427718,-0.01272424991767615,-0.866386460729355,-0.34071001704930065,1.6656553109304026,1.3746702396543613,1.318952936594971,2,0,2,1,1,2,4,0
-0.40799673023868055,-0.09066478907153275,0.47107068200323476,0.17590856017620662,-0.8333881974356947,1.385006355101169,0.4347595023349845,0.4860158580583638,3,1,3,0,0,1,4,1
0.9965481813622441,-0.7719659281344026,0.5260259527306435,-0.6991455734157337,-3.6558627808620408,1.939492368684831,0.9663248664061606,3.6250201706261342,1,1,3,1,4,0,2,1
-0.452203319415293,-0.9332714417489258,1.6774114708139,-0.7866086320595627,0.49646718854672306,1.4764738150429737,3.3736034024520167,0.7511709185097899,3,1,1,1,3,2,2,1
0.5933045968964403,0.1383339431317095,0.17902923737638649,0.35391857071732763,-1.3335828420351692,0.8728437928766013,-0.18697466803349083,-0.6505050135894996,1,1,0,0,4,1,2,1
-0.40278069323526156,0.2963740008889884,1.1250219176960599,0.6793477156091214,0.5144317911021143,0.28305218493250484,-0.7475204453472176,-0.35594438707600873,0,1,3,1,0,0,0,1
-0.6229253588232058,-0.24203996552528434,-1.3671377490579313,-1.6612399773757658,1.1710367804777893,-0.30130257924506276,0.9618697266649253,-0.1910375835964574,3,1,4,1,3,2,2,0
-1.9677696361407444,0.06392701999266492,1.5218875744475215,-0.6299626322181295,0.5534254033038649,1.293058073589239,-2.666671825595362,2.8652770954182647,2,0,2,0,0,0,2,0
-0.03761097582334072,1.4277373398373752,-1.3047347862069296,-1.5534822529692691,-0.7900974091256479,-0.6002414164645167,0.3186525253345437,-0.057298448999890006,0,1,4,0,2,2,2,1
-1.4246322379737184,-1.3251423266086815,-0.6516417105593723,-1.2780538403562456,0.31050193081606686,-0.13285611340172487,-0.3847754091939162,1.4768053187793408,2,1,2,0,4,2,1,0
0.08415500374649953,0.1459119150495723,0.4065739571086836,-2.1404370945300424,0.10587471842259576,1.6789791860250136,2.390187184349637,4.0788282557034155,3,1,0,0,2,1,2,1
-0.832997747055901,0.6403620703284025,-2.0879700217246864,-0.20224397910865935,-0.7749501879977794,0.07683477583710044,-0.1537058782669769,2.828074485411061,1,0,4,0,3,2,3,1
-1.2750126531531158,0.5007547929457283,0.15630831332844436,-0.664859042398749,-0.08173996571742928,0.5669065127543804,-1.2484786594581672,4.197049359169547,2,0,2,1,1,2,0,0
-0.646346026030055,-0.6559671221192803,-0.6243629603026912,-2.0106232926891465,-0.5901005403005111,0.4889417120453113,-2.2639780562066623,0.8173787306862879,3,1,4,1,3,1,0,0
-0.8036670340690077,-0.05329054619397561,-0.6124431672454707,-0.5504847709867582,-1.0536306110249238,-0.0836063274445406,-1.9126666093090852,-3.4097438307316628,2,1,1,0,0,0,4,0
0.16113904223206466,-1.7967522504808144,-0.558947277719456,-1.3126170450312509,-0.5283582007540687,-0.258839973824977,0.10206987364762227,0.10564439102442158,1,1,1,0,1,2,2,1
-0.2664888301628821,-0.9005483491796711,0.3667781323833438,0.9858751619227255,-1.0192198087835231,-2.212778366825087,-1.0229993956052583,2.158635984904548,0,0,1,1,4,0,0,0
-1.1826207269782008,0.4767143029951813,0.13327688433689144,0.3220202059823009,-0.7722057591153489,-0.6512236732522185,-2.8062748887587,-0.6141896527862054,1,1,1,1,0,1,1,1
-0.7604870404124856,-0.9238055850631646,0.34105353037868025,1.6524386287965585,-0.8917702184639122,0.7291233294533753,-1.627300409237714,-0.9446141905668433,1,0,3,1,0,1,2,1
-0.5012011358073646,-0.8830571902370294,-0.47171469975051716,1.4151239863456258,0.9638129115187614,-3.832131874406854,-0.011441969991501044,1.5211039859367796,1,1,1,0,0,0,1,1
-0.3184609190008775,-0.314951494049104,0.7399022413422621,0.43007059221137917,-0.8000975855440718,-0.13554548106423175,0.21908862543280472,1.4079373701944573,0,1,4,0,4,1,3,1
-0.02493971244723453,-0.9303876476073705,0.6296539060525418,-0.23687235985625485,0.10530568753133306,2.3005078864795925,1.4075277265969008,-0.8819058418944774,1,0,3,1,3,2,2,1
-0.2807778647252086,-1.0185203420651683,0.5839349404966373,0.9184513271707666,-0.6657218353101686,-1.6774800749770322,-0.2699970678508973,2.3401980569565906,1,0,3,1,3,0,2,0
-1.08654063724937,-0.8068230067392556,0.04891186093780281,1.5648526096765598,0.08495636208337785,0.8201442484486964,-0.4987586537746237,3.0963365453889926,0,0,4,0,0,1,4,1
0.08775643410139,0.22345237750906982,-0.1642504701476113,-0.5616481934720817,-1.289686521492358,-3.344238762044208,0.36272478109908635,1.4964589646752664,1,0,1,1,4,2,4,1
-0.3563077064351909,0.7166690786917962,-0.7424025090534588,-0.24338909925098698,-0.2852357628589545,-0.02476955485588947,0.17527248574899348,2.186678129303659,1,0,4,1,1,0,2,1
-1.1917464037752616,-1.8775585015013225,-0.030769575875526423,0.2262711009458122,1.8359937327382911,-1.2681414704000575,0.29909060478401833,-1.813653217055803,3,1,2,1,1,0,3,0
-0.6586547182450989,-1.4054276396437302,0.880868347681811,-1.7582662850103812,0.5737546399528399,2.4424313921001914,-0.9771768871121423,-4.1705718362101205,3,1,1,1,4,1,2,0
0.18620272578688524,-3.0083944326888257,-0.2950626394640444,1.1619457387135332,1.0762981346732876,-1.0604428523051341,-2.966609318713957,0.36386237192532955,1,0,1,1,3,0,1,0
-0.6724740403927395,0.4297257582748601,0.007619986548684288,1.1783746922681313,-0.7833336756400748,1.3102398714027748,1.466768777446855,1.5454451680046069,3,1,3,0,3,1,2,1
-1.4645184247960972,0.9799006236166647,-1.5569868330752863,-2.410770565058317,-2.175033334848405,1.770314942331041,0.06985161293998182,4.31800220824085,1,1,4,0,0,2,2,1
-0.6823705909238955,-0.69483870612505,-0.9224027941659618,-0.3180233602403941,-0.39461099911714825,0.6619599251709961,1.4175056203759908,2.0511911808487993,2,0,2,0,3,1,0,0
-0.3648273246934429,0.2061995112139699,-0.9265153318780588,0.2774638691444516,-0.3137712565293272,2.181142074311671,-2.502718864773447,0.8575748189862308,0,0,3,0,0,0,1,1
-0.9096717152355017,-0.3420047743851851,1.538699636170426,-0.33799784239991937,-3.0081396307148394,1.0401028757242654,-2.378725867693548,2.0058776063479975,0,1,4,1,2,1,4,1
-0.7290925044764128,1.126503802932414,0.9571236638287929,1.8771608590022733,-0.5785051947147647,-2.7785386963021965,-0.9437080117445572,0.8308116829679137,0,1,0,1,2,0,0,0
0.25940513005919463,-0.8178368695170828,-0.2463345734449176,0.2630200883074393,0.07138511637756804,-0.2061028350980384,0.5052089275775273,-1.1876069849658135,1,1,2,1,0,0,1,1
-1.6768787573006123,-1.3350548517412437,-0.6520057926413552,0.651645573358044,-1.413209406854069,-0.016328684180144354,-1.2572453041877014,2.2713891933005907,0,1,2,1,3,1,1,0
-1.4862144964718134,-0.19521735699077292,0.1460842226692638,-0.7214189697345488,1.827812894541375,-0.6136809105211296,-2.900857313613427,-0.6511977115579861,0,1,4,1,1,2,1,1
-0.5361089353211503,-1.300384953049054,-0.4998784601477554,-0.06752869267899311,0.47878813547376237,-0.4801877153816304,-3.0038548085448187,1.722355809108364,0,0,0,0,0,0,0,0
0.2710141665404747,-0.36096808421914633,-0.3480031509251603,-0.1700141275510813,-1.8306459871820613,0.6747623246122596,1.654723113936872,1.0870701005860595,1,0,2,1,1,0,0,0
-0.38515431561351887,1.5985613451880976,0.9320030297978373,0.3582330195469123,-1.2046356432770302,0.9124115497301347,1.3495985581947165,0.15688444808597707,0,0,3,0,3,0,4,1
0.05538144580123294,1.4255639783343153,0.531948191141292,-0.5623364738789294,-0.26871624510845143,1.014401564650109,0.36697221412654335,-1.2096672582515473,1,0,2,0,1,1,2,1
-0.7824048749340323,-1.0328248199228869,0.15158543447893136,-1.181563532932354,-0.5881638289143174,-0.6372010444928137,0.3320059348406992,2.5981605347981955,1,0,3,0,4,1,2,1
-1.8049384677392155,2.2486975075233655,-1.084821653226652,-1.456511580404349,-1.4815725539070759,0.13069834661722735,-1.175905486413436,1.6296743467807764,3,0,4,0,0,0,1,0
0.41305419921395314,-1.6347639166032766,0.6826950740893041,-1.0651677579960457,-1.8781972664542654,0.5309300000178647,0.0995731788107092,-0.410567135500441,3,0,2,0,0,1,2,0
-0.8939294695788136,-0.657677170494136,2.2735613159496166,-0.32182471435081467,-0.99373496919575,1.5216196263760504,-0.24344846200460613,0.35236073443502663,0,0,2,0,2,0,3,0
-0.49866847528159314,1.31189183874375,0.6355331059086428,1.1014226622229202,-1.485082952209048,-1.5809922291550413,0.7506405169202421,1.9659365625738345,2,0,4,1,0,2,3,1
-0.3815904591594715,-0.636465898374345,-2.1020957148586126,0.6726076675581063,-0.10727130008254801,-0.4485934603738051,-0.1621410820269592,1.5754838766623602,2,1,2,1,3,2,3,0
-0.946560738605559,-0.8442912350737304,-0.3268629278523328,-2.622878437896291,0.8964972122933809,-0.8357438455637802,0.6621854629904319,-1.3136352400506093,0,1,2,0,4,2,0,1
-0.3860625106675253,-0.5902845348996928,0.8362637436901837,0.5445383430112836,0.9137840238032243,-1.1368122965426066,2.945528571201006,1.9388956088474012,3,1,0,1,1,1,4,0
-0.8639589217151775,0.6901494540729545,-0.9546268767748202,-0.03663733948538871,2.2561762173206628,2.9996693753646966,-1.6122348590890598,1.9476836768060228,2,0,3,0,0,0,1,1
-0.06378852214921293,-1.9192681181652602,-1.0048432721324252,-1.148332872260081,-0.014631173306142595,1.8142153575864894,-1.7522982732530714,-1.9455532453065882,2,0,2,0,4,1,4,0
-0.5319637795870517,0.14628853841213246,0.3484871286250111,-0.4206068715932506,1.2494925136903996,0.8208796354486733,0.29084810861912924,-0.4267122242088135,3,0,0,0,3,2,1,1
-0.67759292372147,-0.24178671248422098,-1.1456090903937532,1.900495256326811,0.5881477859968168,-2.5685095416284573,-2.7099350167613645,1.7381481137015837,3,1,0,0,0,2,4,1
-0.8212218666936658,-0.3842216840385407,-0.9020595159692705,1.167349486978141,-0.3522598387637631,1.5080385009693626,-1.629138104909989,0.5701041256418647,2,0,2,1,4,2,4,0
-0.2788715498449893,-1.05265356484531,-1.0829257203325748,1.9267997122061093,0.3368269783330372,0.49585330162439795,-2.383618889388711,1.942478421891675,0,1,0,1,4,1,3,1
-1.2490474292521538,-0.97350078422005,-2.195602315887187,0.7563056299163968,-0.1171707161767632,-0.021793929995619493,-2.3175341330337913,-0.4133577035310778,2,1,4,1,3,2,2,0
0.06746217539833266,1.264347873939463,-0.04564060748360785,-0.5649368909930609,0.16421421664353514,2.9379925060495022,1.5841957521756789,-0.22156335768312407,2,1,2,1,0,1,2,1
-0.1446091084699277,-0.8222529386647843,-0.5349738307682386,-0.27735696407643207,-0.8117085634447214,-1.1214992956613614,-2.238292365949842,2.3232380100221217,1,0,0,1,3,1,4,0
-0.33910326116680034,0.43661217159617743,-0.4169375552389767,1.228352367698994,-0.13072017416434076,-0.4940829588212583,0.8026275397473694,2.7872830832149944,2,1,1,0,2,1,3,1
-0.6379511577448456,-0.6441070699311557,0.9687581726630446,1.4162582668824912,-0.9136392007222935,2.1217977933983914,0.9107400027446931,2.737967412213633,1,1,0,1,3,2,2,1
-0.7476853214497582,-0.6877601704463916,0.1234391000414311,1.0216892353051545,1.5153638942522483,1.7109779574924924,-0.012969148653776352,-2.4314361065635506,0,1,3,1,0,0,4,1
-0.5894248884925408,-0.6885904244161221,-0.6397088876844845,-0.13444604323145776,1.1342126375375472,-1.6146248245788488,-1.0898434250067135,-0.007891324703241831,0,1,2,0,4,2,3,0
0.2994935294416533,0.0017341245102133196,-0.13466167547538377,2.0448366138271417,0.6541197138794875,1.7500079022076975,-1.0279480564135435,-0.3890150175884035,1,0,3,1,0,1,1,1
-0.762332927714132,-0.6662391683485487,-0.9936465030926632,0.4865409338732101,2.875665581525249,-0.4444527970295382,1.2951657177556868,1.5715379779988976,0,0,4,1,0,0,3,1
-0.16415288594479882,-0.4146824596579782,-0.085603661558327,-0.662153444723905,1.0131627714250773,0.8711608026324275,2.467616501163364,0.24448933905447007,0,1,3,1,2,1,4,1
0.16224058557880905,-0.27059233021292717,-1.6190004769398136,0.5237890003644694,-0.6363884363915022,-2.415031278562963,1.1180007144472703,1.6027684517532483,0,1,0,1,2,0,4,0
-0.7691014355106787,-0.3433488000888204,1.121090955390811,1.5860280667496092,1.0126292915279087,0.476798555310831,4.097426460510486,2.6682532097327427,0,0,0,0,0,0,3,1
0.4692725828861323,-0.15826063119363412,1.0448166161070969,0.7175685753540031,-0.090556519795357,-0.0475586368380182,-1.203826391785383,-1.76064198867072,1,0,3,1,2,1,3,1
-0.9149087898237612,-0.030821444106723217,-1.2626925587798188,-1.1844806683406153,-0.009810942733613479,1.4821902942231615,-1.026716607585913,2.5000559964356306,3,1,1,1,3,0,4,0
-0.6815504029069069,0.5505566430972091,-0.5577048270324461,0.3329988896663031,0.5585545259924869,0.10315904908256827,-3.2956510783237896,0.6254623511617831,1,0,4,0,2,1,1,1
-0.24508313754542949,-0.6343032814951544,-0.6959300407521374,0.7411938086976495,-1.17533458577683,-1.117528361047302,-0.7165411987845,-0.06412481796106095,1,1,3,0,2,0,4,1
-0.3423937355990567,0.05306057773310435,-1.4875988462126428,1.2296933617809385,-0.27853935914762973,1.8731338438953402,-0.06586869846057758,2.0738754118074993,1,1,4,1,2,0,2,1
0.4799725409443557,-0.34880030265417983,0.24272930055290093,1.2720556001766004,-1.0626548009534706,0.2534314577428717,0.3798019020165621,-1.9013064912532207,3,1,2,1,1,2,2,1
0.4035933790861169,-0.25268717497761484,0.12199203287381688,-0.5078958115662733,1.1910848043151048,3.263139969790468,2.19108386019364,-1.2211974883240824,0,0,3,0,4,1,4,1
-0.6729292239659836,0.14621910796744036,0.17877329212393978,1.0580246316539414,0.91947930637154,0.8774017309012769,-0.9837925131982347,1.1722774603767867,3,1,1,0,0,2,1,1
-1.0288927000487016,0.2063914877563166,-0.4971569926694349,-1.801916910007856,-1.1456649970116295,1.609749696751603,-1.2902219881615462,-0.10979476157363122,1,1,0,1,2,1,4,0
-0.10113736588222766,-0.3447842263503972,-0.6573872085324372,-1.439405815536841,0.9988724452412451,1.3225358288307258,0.7931762382182753,0.12296740890490221,0,1,0,0,3,1,2,1
-0.7778654943092309,-0.3941917735136746,1.1840708898941767,-1.246418644330898,0.12452195834458019,-0.1008922924181494,0.551295087234507,-1.7431960513882725,2,0,1,1,1,0,1,0
-0.23077437179178834,-1.57652078405668,-0.7929676903455715,0.20471845881912887,0.6724496077475084,-0.5462686500590723,-1.683204918044038,-0.5083562251346214,2,0,2,1,4,1,2,0
-0.4500481803467873,-0.4554022459906928,-0.28010582012171104,-0.1356180347426268,-2.6688713895354494,1.240654951497248,-0.14659846619522,0.5221004964433449,1,0,3,1,0,0,2,1
-0.7089566005215228,-1.5022298393849938,-0.2000929556974916,-0.8639340338978818,-0.07277887278564346,-0.2724864693166122,-1.9482325578198316,1.4720519251401392,3,1,1,1,0,0,1,0
-0.318674665254867,-0.5969758921252662,-0.3134931611059967,1.909932928945442,-1.5645172076597922,1.3387752308795806,2.4572868636705167,-0.8606335688542437,1,0,1,1,2,0,4,0
-0.6059282981192293,-0.5175748624144293,-0.6240267516483342,0.6955239331314829,-0.7906991927177901,-0.48704277220342984,-0.359330846107613,-2.823169109867087,1,1,4,1,2,2,3,0
-0.5828839598999533,1.5202600338805774,-0.06186517397853214,-2.3871192199066353,-0.21444876943493396,0.3682243113196889,0.7941432965300276,1.3235638794792517,0,1,3,0,2,2,3,1
-1.2985168377632923,-1.5782004975144608,-0.17881672495497064,0.09940315670838715,0.42608360029776404,-1.6546299424434106,1.0546295735254325,1.5131585198285562,1,0,0,0,3,2,4,0
-0.7611989105422574,-1.1722918704433831,-0.017434417304563576,-0.65581885823799,1.9901494882948958,1.5494014883290976,1.5167911585190819,1.6927966517499435,2,1,1,1,3,0,2,0
-0.39981151931877457,-1.0198901430191187,1.9441928655604066,0.45152864927275854,2.5147217586577826,1.632817056024089,0.02618718899507727,-1.0010987860674967,3,1,1,0,2,0,4,1
0.007775961198528081,-0.9753907580455059,-0.021086932642088718,-1.1821501456303152,1.9224166880864908,0.5387943644278546,1.1900822206005728,2.0506390253011073,3,0,4,1,0,2,4,1
-1.7546341950503876,-2.0695535226983597,0.9186794478482073,0.10401181624601197,-1.8131912428461705,1.3231046087891458,-2.419937710614238,-0.48873377569030674,2,1,0,1,1,1,4,0
-0.7469148906119428,-1.3829308659398674,0.5086659636775251,1.6971687809446292,1.246351006962351,0.7601834697287253,1.3055135640353712,1.9824130691770092,1,1,3,1,3,2,3,1
-0.46036804814179416,-0.3018583869821592,-1.4818774902612781,1.3525351890439026,0.6607261716135728,2.5136132662115074,-0.5536959154934482,-1.235423668349909,1,1,1,1,0,1,4,1
-1.2195725805353548,-0.9486538564172033,0.8785038914016808,-0.5831140840263773,0.752631493352378,0.7960570320254406,1.6211278479617826,3.645918776261015,2,1,4,1,1,1,4,1
-0.39721526717364736,-0.3800822657281895,0.7797984038666453,-1.0873783066617493,2.7479112046078837,2.3804325116122085,-1.9169709191093083,-0.9009132884898188,2,0,4,0,1,0,3,0
-0.971869943587969,0.12811416259013758,0.15481098367734764,2.002880397146547,0.4288682413474747,0.2915123327674298,3.1050604372471398,0.8116164899414263,3,1,0,1,3,2,1,1
-1.772629133919142,0.653986031806636,-0.5826785118862791,2.4031381151803055,1.0964076791272752,-2.0597135263807376,0.6619977745340405,2.1600975285356494,0,1,4,0,3,2,4,1
-0.5446171288246289,-1.485878025338719,-1.541278740400415,-0.6074606184971796,1.6957619785434008,-2.832771577592502,-1.519863317649552,2.6747864578758356,3,0,2,0,0,2,2,0
-1.353650067317219,-1.4935964976042035,-0.09639324460691522,0.3207929986369858,0.004384775721332529,0.18883523452997075,-1.583472678979358,-1.6066089828268248,2,1,3,1,1,0,3,0
0.09706147964006862,-0.7459209648475248,-0.2359702182060163,0.5889053156255681,1.1667485847221528,0.44994586074107457,1.420340461468467,3.370735511199409,2,1,3,1,2,0,3,1
-0.7005328236994235,-0.28531258440145835,0.09461845274409708,-0.998720229242055,0.008236188901009744,-1.818306902195978,0.82978709503795,1.7356533949993127,0,1,0,0,2,0,2,0
-1.2428220692056762,-0.3481426465758497,0.9483916740867503,1.8399331043639422,0.36174581224977576,0.4154919508820084,0.6134384062980256,-1.366740486766137,3,0,1,0,2,2,4,1
-1.2903659163160486,-0.6710289714030605,0.15593073114753458,-2.325277203754677,-0.8839997008988532,-2.778392676463959,0.5224045651008643,1.1171842709930964,2,0,0,0,4,2,3,0
-0.2531458663005287,-0.8340850965117781,0.10957808617944759,-2.5315000231514158,-0.7120432058360535,-0.11760362202332258,2.1236142077940694,-2.4182312081270183,3,1,1,1,3,0,0,0
-0.21445512247251597,-0.4867565323211622,0.41210480752181455,0.4149889739449809,1.3441757738687292,0.650710969407716,-1.0374593533099565,-0.8204741470429022,1,0,0,1,1,2,0,0
-0.3832139088050048,-0.09909684972575789,0.45901531212442737,0.07351107598801246,0.3766300177703222,-1.3258427910232977,0.5136980111780391,0.5233445504136521,3,0,1,1,1,0,1,0
-0.22390380671990168,-0.35258094439187637,-0.8389521821231393,0.7591416333386063,-0.6591937168021198,-0.11378333674784363,0.8448016044540949,0.43651190929470624,3,1,1,1,4,0,3,0
-0.31444579849784604,-0.6647550324348918,0.27833694159766686,-0.41747604483989903,0.20075016287072797,1.3326550027665716,-3.4925106755403617,-0.4395164283161197,0,1,3,1,1,2,2,1
-0.478301983704201,0.6026050265793517,-0.5648611134324448,0.3360117277682172,0.007445558725705792,0.7849172118076299,-1.065830612725168,-0.7756412248383266,1,1,1,0,2,2,2,1
-0.504543122605763,-1.2389359573563017,-1.4709096067259777,-0.4891195106468232,2.457853226557763,-1.3576272772263818,0.23319470580943813,0.36232373703675513,1,0,3,1,1,2,0,1
-1.2766152626034937,-0.5558580257043488,-1.0769534071012072,1.1406444022576994,-1.1368020922647972,-2.8302045124704005,0.3221463890664117,2.511595766294138,1,1,2,0,3,1,3,0
-1.2340835601356668,-0.7345407710573499,-0.6732609572609869,0.7793257040403112,0.003386229019366263,-1.327369177183904,4.536173848287585,-1.7603144977802554,0,1,2,1,3,0,3,0
0.03716642494030786,-1.2381573197145022,-0.6180367285214454,-1.8205997549464565,-1.7349998475417105,-2.95693285235967,-2.509351290831612,-1.0293678086378721,0,1,3,1,3,2,1,0
0.5500751697025985,0.24065460214652717,-0.3261087441893591,0.5948812865692872,0.258090143778375,-0.6462793620332226,1.4904524680897802,2.6669604919558108,0,1,1,0,3,2,2,1
-0.44230119606449836,1.0513080634936889,-1.3073666061486127,0.6929391863050873,-0.6658595063028762,-0.5255210551673666,3.9290850466258034,-0.13519490250919086,0,0,1,0,1,1,2,1
-0.4072867348619374,-1.5279449540385968,0.26646232131472336,0.05153867615228738,0.37904899846948603,0.8789049468945315,2.1529738585658285,0.39939773001356255,0,1,0,1,1,1,3,1
0.29103964272196414,-1.0856983733482592,1.8405199235116632,1.8258509326707402,-0.13344680745856058,-0.2562409149508311,1.8621551530654985,1.4923944520321708,3,0,0,1,1,0,0,1
-0.031145028030381994,-1.0810332219229257,0.3704046384138787,1.1497202795734816,-1.6775340090088515,-0.08957684766960494,-1.9777698212933936,2.2407133002947512,3,1,1,1,3,1,4,0
-0.7902542461333855,0.16827981724694868,-0.7654717328880568,-0.14414651138092655,-2.100347039755886,0.5422027726046388,-0.24500621028387082,0.20042189874488597,0,0,1,0,1,1,0,0
0.19341383076082008,-0.7664190016238288,-0.7973976300752439,-1.1831130787343864,0.8896036391220007,1.5455071168755303,-0.5594205412365045,-0.28221650878883664,2,0,1,1,0,1,4,0
-0.22623956424949943,-0.8337012863848039,-0.45133503823314175,1.0291394627971657,0.7587914018017333,3.051325116229493,-0.3501733282899807,-0.387494890572491,2,1,3,1,0,0,0,1
-0.04325506306723237,-0.2782047302502301,-1.1582202901469172,0.6484576061688574,-0.0023225942435960295,0.22596188694388364,-0.9369731230341772,-2.369463864294848,2,1,3,0,3,1,3,0
0.41709556015045623,-1.7925479403567632,-0.31278391059805283,-1.2322729549212896,1.4011278226751789,-1.2922662195861354,1.4296663226762725,-1.8050326178736014,1,0,2,0,1,2,1,1
-0.5046713089914595,0.45364265297401146,0.39097216783842825,0.594536763811226,-3.038525669752043,3.372516311917283,-0.5063056245620912,3.8472794157263777,1,0,0,1,0,0,2,1
0.4283337542911986,-0.5566890073791938,-0.2206365675778437,-0.03731322479701076,0.9103245421132605,1.6982702165811918,0.6928020883629897,1.0069189256099849,0,0,2,0,2,2,4,1
-0.7481501255654045,-1.262983753070564,-0.7362340131145977,-0.5488466556281781,-1.2448486197083362,0.21413783804761247,1.3109020385533017,0.1283809021637219,3,0,3,1,1,1,4,0
0.13409904269554163,-1.4455960744369671,-0.8765008677091607,1.5184917882392384,0.22678570714299856,-1.7034284903342118,2.0604648755226367,-0.8042649359206016,3,1,4,1,4,0,0,0
-0.3205758757637256,0.26225249720128024,1.0393090396197464,-2.4771991838326315,0.25556231227790815,-2.7040790296485815,3.612404769879331,1.42151576244672,3,1,3,1,1,2,0,1
-1.2816894768776743,-0.27280895457412585,0.9384324082768757,1.8227627914021693,0.7147750461038812,-2.4249574200428565,1.0904871596108712,-2.7841288695983857,3,0,4,0,4,1,3,0
-0.315047382836222,0.2732031907282089,0.25303342984551647,-0.47326330997502297,-1.0368639126265708,0.5477462273778613,-1.4293073700141092,0.9883946008015116,0,1,2,1,2,0,3,0
-0.7332746262434282,-0.8786834047579561,-0.5918955927436389,-0.8582009235710109,0.1726586419898813,1.4071723061410428,2.0663842650686197,-1.3730784402401475,1,0,2,0,0,2,1,0
-1.1160041887585956,-1.377397437679381,-1.9421291182169464,-0.2366872834402132,-1.2029899840046123,0.3485097585910706,-1.262681368080933,-0.8344815952196809,2,1,3,0,3,0,4,0
-0.5445537512746128,-1.8528120180256347,1.0840511559401453,-0.9916258496357186,-0.9966788908852893,-0.013612382005804946,-0.3151431921323523,-1.6060218033769171,1,0,0,1,1,1,4,0
0.19294675984689502,-0.9230814240110312,-1.6278685112649924,-0.8516520946330417,-0.37013608821716154,1.5458751645089086,-0.8348495110115414,0.6544191574266919,3,1,4,0,3,1,3,0
-1.7052824987952266,-0.606077495285832,-1.4306616883870902,0.8462661480780802,-2.2421803574626598,1.3238333331872911,-2.2845878357664944,-2.1310192605122418,0,1,2,1,0,0,3,0
-0.47028795780309274,-0.48667222450685377,-0.5288283123215335,1.8327844345960156,0.3046456552513388,1.0132485757728031,1.213739369082194,-0.827290739755417,3,0,4,0,1,2,0,1
-1.297259398105802,-0.6696952103016531,0.8992426864180515,-0.9873344946466915,1.2244330894697202,0.655724097856465,0.5556386275852845,-1.4830731286957064,0,0,2,1,3,1,3,0
0.40406775367440084,-0.9882241809808816,-0.965731212667182,-0.9091169920956987,-0.39073964215719165,0.62200070153886,-0.45900587440828144,2.243413716019875,2,1,0,1,0,0,0,0
0.2462570573091395,1.4119411701121263,-0.6486172943072352,-4.00987815112694,-0.38377723121126156,0.416255955999945,0.3576397341081491,2.2825011493916874,1,0,4,1,1,0,2,0
-1.3077685741632705,0.5057464787750761,-0.05978796703286676,0.56541800051415,-1.9868676962740588,-1.351566658510031,2.7356453421905367,0.6154798122690488,2,0,4,0,0,1,3,0
-0.2734679737805284,-0.24291433118740247,-1.743570325915409,1.236225596526496,0.6063805271763113,1.4133072206169528,0.6468526877311788,-0.039289361698183534,3,0,3,0,4,2,1,1
-1.2135887120057474,-0.8006261638405681,0.022106450688514023,0.08649944712152766,1.8641246160702476,-1.2468898018288719,3.33573036530802,2.8780903032882663,2,0,2,0,0,1,4,0
-0.5249898315282072,-0.2885006192546837,-0.41136446552908607,0.700965668300837,-2.038251278829277,0.07629328663819546,-0.23613952153002948,3.5565607549497495,1,1,4,0,3,1,2,1
-1.398840422821462,-0.3759384505054282,0.5728638239476753,0.3405524768064212,1.378654018369276,-0.7411928502565621,0.39705332132189247,-0.9699408364684208,0,1,2,1,4,1,1,0
-1.0876988027296255,-2.2819041164274436,-0.9099133252696104,1.1822357516835853,-1.8918797139924366,-0.5609321495831602,1.564317848525083,-0.9885681748355817,0,1,3,0,1,2,4,1
-1.311266793266645,-1.039655049949264,0.05195604000504345,1.6883580435693084,-0.6512760811342462,2.7853133204910803,3.2022772416724123,1.1969921624333961,3,1,2,0,4,2,4,1
-1.408362208865285,0.25320979319002473,-0.4776531571984635,-0.5956110269996877,3.559157444002995,0.6770512318672581,-1.1461459595028076,1.1674149862871195,1,1,0,0,0,2,0,1
-0.2425744281805834,-1.6725189337957234,-1.0609983849582452,-0.20249365178660655,-0.9647993854550738,-0.7864129969902864,2.4236112074942397,1.2694055876787025,0,1,0,1,4,0,4,0
-0.609708119147613,-1.7375914912885286,0.8701842064286703,1.4420504792378384,0.19701277900684683,0.7437392639367928,-0.47548747434429284,2.01128169455231,2,1,1,0,3,1,1,1
-0.5212715922841367,-0.5651554328115195,-0.2900689798385783,-0.27378895433892775,-0.33367602177013167,-1.7653759646739706,2.2852989849311527,-2.9348873224815355,1,0,1,0,2,1,4,0
0.4577359931809756,-1.7215340325889656,0.5499251093703089,-0.05259338278452455,1.605846339828963,-0.7970809743585883,-3.0556297691152086,2.510490175624978,2,0,2,1,3,0,3,0
-0.30808596239082753,0.5957090817073214,-0.4816478803662671,-0.498008728274186,0.7972536692411505,-0.9682135909967629,-2.4258077019364066,0.8279740553913144,2,0,0,1,0,2,4,0
0.27278084716498496,-0.6351393001503765,0.9636521802052006,-0.665860643849125,-0.49632375161363407,0.5567695624946534,-1.973585899161833,0.3513076295809785,0,1,2,1,2,0,3,0
0.49213422188210876,-2.2075337772235892,-0.13280112595085303,0.8251604584263168,-0.7501430674577562,0.9254514418511993,3.221113094267939,1.8817870710361313,1,0,3,1,4,1,2,1
-0.32615758110728427,-0.6557990617562476,0.6277905020521324,-0.9855901678306798,0.08954687262289135,1.348875655174314,1.9978258171884238,5.007958401194705,1,1,3,1,2,2,0,1
-0.7033274042636312,-1.9333448603625827,-0.24633164480476283,0.6536093135951908,-0.44467904035105776,0.6685787616927266,-0.13151674998628587,1.2090937022815458,1,1,4,0,2,1,2,1
-1.4019045139358004,-1.056882543732798,-1.4026846261617298,0.7042024560404552,-1.296044438408444,1.5203934654864568,-0.9131205441556266,-0.49846778556190197,0,0,2,1,2,0,4,0
-0.7065488262919412,0.12113022391351108,0.02523324869362556,-1.6360970498658518,-0.7362657925492142,-1.8161622975632585,-1.610843407068936,3.2986119729270653,2,1,0,0,1,1,4,0
-1.040149705651787,-0.6114018451725471,2.090944734267925,0.5092122411022961,-0.22107772348071547,0.8375526602275853,0.7947969104832842,0.45782597343093323,3,0,1,0,2,0,3,0
-0.4333226078184398,0.1245455866159847,0.5708949058121495,0.1507746057574432,1.9545081275835776,0.7141609935043709,0.4912994887786656,3.9437098752063235,2,0,2,1,1,1,2,1
0.09400741319780537,0.30680066005147283,0.5821137936469463,-0.744944733929588,0.030920059725581026,-2.6771694589982893,0.22070222885024354,2.4870397181019905,0,1,4,1,3,2,4,1
-0.8959077944737105,0.6972164788055926,-0.7819380520712496,-0.9618450849582083,0.6035162737514387,-3.0967443131234447,-0.35202936296690057,-0.7642754559616005,2,1,4,0,1,0,2,0
-0.4752630769626161,-1.020578971150059,-0.3465913831872768,-0.5312712882284746,0.12881800395567464,-2.4544851270879198,-0.6129593342133033,-0.5643125807656992,0,1,4,1,2,1,1,0
-0.6185704301224615,-1.3893816577992035,-1.0513431095391783,0.1483832177176048,-0.46157313935275024,1.672199014767006,1.5371906431758116,0.27879703820314217,0,0,3,0,3,1,4,0
-1.218529887964558,-0.29433039054129423,1.5982137772752183,-1.9502517086964817,0.7494854037681165,-1.6607273070765791,1.8209038222878244,3.0344067219657074,3,0,1,0,3,2,2,0
-0.2167329797409956,-0.678905388262803,-2.025781248267731,1.245520117166228,1.026957932855699,-1.7002488391165969,-0.25187838266880225,1.0534683915637597,2,1,0,1,1,2,2,0
0.3908066153528741,-0.8730773926662447,-1.7450159835603918,0.3661202460276694,-1.0437227758497045,-1.0422073678034383,-0.47166100189483984,1.8269468777755264,3,1,4,1,1,2,0,0
0.0739788808075702,-0.7672418758691233,0.60828124599177,0.24639754004759845,-0.6717086523867808,0.6001736719162507,2.0774269886117622,2.05759384134202,1,0,2,0,3,1,4,1
-0.8295661757826931,0.780280550701429,-0.04239565630621933,-0.9107489774967763,0.6409507548803053,-0.9645661056684784,-1.1703167872119544,4.112538087001119,1,0,3,0,1,0,3,1
-0.29109812269695623,1.2658754079964265,-0.18702334646166507,-0.5702947477017271,0.8541605450306935,2.316929002776753,0.271401879908445,2.394422190768053,2,0,4,0,4,1,3,1
-1.023180147972747,-1.1087450121962834,-0.5815700195445359,0.6867105763635368,0.18398928178582646,0.3707059848767246,3.066781637344435,0.7355876718461711,2,0,3,0,0,1,1,1
-0.4544691175762747,0.3952275350870255,-1.6546107245131734,1.725586519200366,0.5065721104894374,1.7676401419235326,2.104002634824485,2.9374206531493825,3,1,1,0,1,2,2,1
0.45209396103083876,-0.07846746819410316,-0.5272923557646132,-0.5442657226449448,1.3442633837829046,0.9889632992722328,2.0524659092739714,-0.2858650396146337,3,0,1,1,3,1,1,0
-0.16047228400671049,-0.13944584658375717,0.5409672830135093,2.2007899545072993,-0.36918048775723855,-0.3966050619315691,-0.44074771713217675,1.6215291457249574,0,1,1,0,0,1,2,1
0.05611856395112691,-1.5252850857477693,-0.18371537197209728,1.0245155386993374,-2.0224478025696317,0.9952775227298142,0.5518301649866344,2.0218891712347844,2,0,0,0,4,1,3,0
-0.1331992845719991,0.1493631066927899,-0.4098256386616777,0.30999001797706743,2.409458189684023,2.970756677767068,-0.928724685626462,0.7836149530150847,0,0,1,1,1,0,2,1
-0.5585926095840099,0.5883163597473617,-1.2118726443285484,0.6259928473158016,1.2126782084224916,0.8505151558468561,0.5041135195717823,0.4863466148977852,3,0,0,1,2,1,1,0
-0.5257211528819311,-0.4948811750994137,1.0266169562338678,-0.8096209800990497,0.5377096711149876,1.5621944964060264,0.2509596855064548,-0.2521001153382739,3,1,3,1,4,0,2,1
-0.9106956070527161,-0.5592767489483814,-0.19976308751290253,-1.8966259092976652,1.4060451455547371,0.9259912327477559,-1.9298290805027318,-0.32139089437936685,2,1,2,1,0,2,4,0
-0.37744216381506934,-1.3616382224995698,-0.1604046874270295,-1.9301844485043824,2.643607657224738,-1.3305550516901294,1.3335495824556345,-1.9370087448872977,3,1,4,1,4,2,3,0
-0.5280963442073481,-0.09331910493120243,0.6087010754169102,1.85082273621662,2.420775140881924,-0.30332175881097057,1.1677976922165971,-1.4232342677501713,1,1,2,1,3,0,1,1
0.01936342511868283,0.6733789312721563,0.7991311766733041,-0.19055647926605407,-0.07428638654991476,2.220145950682359,0.7133861396070585,0.945436788969978,1,1,4,0,1,0,2,1
-0.7312771523252389,-0.44198571035127765,1.1755406200509606,0.6188380809013667,0.31313281534978726,2.0177811658880884,0.06196976498986051,0.9911320624811499,1,0,3,1,4,1,3,1
-2.2332058691178682,-0.199013107813961,-0.6144580205103791,-2.443221709458687,-1.1040000079251306,1.2352607893634173,0.6190511105732517,-1.198609754472585,0,1,1,1,4,1,0,0
0.754470092807439,0.9576384066481252,0.7451446550304801,0.4138122596302875,-1.2544779659313219,-1.2080535407734543,-0.5871815656453947,-1.1329003922864809,2,0,3,0,1,2,2,1
-0.9835069251752331,0.16723870146939496,-1.6879692585243102,0.03441843732888819,2.111407726149748,2.63941035065933,-1.8644757021153513,2.7815610085978872,1,0,1,0,4,1,1,1
-0.3693071831754666,-2.6377081083936096,-0.2312910089365404,-0.5590971621989047,-1.1704001066705538,0.5910445584175175,-0.385044524015834,-1.7461369974074108,2,0,4,0,0,1,2,0
-0.5192778706663843,0.7558860112374775,0.6039958108438301,-0.5816885008817922,2.1068689206866242,-0.572208820135656,1.9914674589233035,0.5031784239248718,1,0,0,0,4,2,1,1
-1.4511885481112163,-1.0515125260330487,-1.1326985568724988,-0.8788919998627658,-1.859968462166766,0.4245176282122789,-1.5368613647902958,2.164276390617869,2,1,2,1,2,1,0,0
0.45294359550895147,0.6943349078705088,-0.4059555408380094,0.687930915789088,-1.240083219592104,2.22621116756481,-0.3403196495947709,0.5051795754875613,3,1,4,1,0,2,3,1
-1.6255233300066152,-1.7301474684541946,0.27080702564848325,-0.5638531048013501,-1.8231546615700205,-2.9323691838866193,2.143327460514608,0.6887615811611771,2,0,1,1,4,1,2,0
-1.9910268422708848,0.48368739964849344,0.42847475719640515,0.7180417220259612,0.5925621796670832,-1.3506299868671783,-0.32052878395607143,4.874615253185114,0,0,3,0,2,0,0,1
-1.4457584992580785,-0.7841573368949482,-1.1090493514474664,-0.92588233774897,1.9843905960493642,-1.216223916917122,-1.0072034574758244,3.776855226776276,0,1,1,0,1,1,1,1
-0.7384927023749217,-0.5219737009331354,-0.5634298093859834,1.044262498987974,-0.8798617713829652,0.16233886062231714,-3.3990077352985466,3.0615365731999615,2,1,3,0,2,0,0,0
0.25753034371215133,-0.3225414809579741,1.4807914330975303,0.018409196304881997,0.47689284982124824,-0.8950767281546395,-1.667901865837098,-1.483627423709617,2,1,0,0,4,1,4,1
0.2715669537639509,0.4554346249000321,-0.5013666545668438,-0.4430751059221365,0.7623561764497376,-2.0272197304874604,-2.994965303968129,-1.1637042139168232,3,0,0,0,4,1,4,0
-0.2822869480147534,-0.9432548769520164,-0.9504829034557923,0.732847239414885,0.8237048766540666,1.2427540588490018,-0.9548197592777982,0.01908743473742136,0,0,0,1,1,0,4,0
0.7865130796644995,0.4150022470783758,1.099519262654011,0.5845750561005079,-0.44086254782646417,0.2218874478673454,2.0162870287124184,0.5684951486320475,0,1,2,0,2,1,2,1
-1.105395694517782,-0.48906447526376007,-0.8787071298468512,1.334430894907534,3.0253615597447387,-0.020639889013464335,-0.13082623395255438,-0.7962151341173462,2,1,3,0,4,0,1,1
-0.9500440841616493,0.14728945411280664,0.3500757441979817,-0.6719402947860738,0.9634530671311159,-2.4344546631659743,-3.021123149016366,0.03927517936714803,0,1,2,1,2,1,1,0
-1.2308605202942786,-1.4207239425283231,-1.2894499383371567,-1.220595413911548,-0.6906321464946471,-1.341731225866336,1.6412158262960408,2.355539171044583,0,0,2,1,3,2,1,0
-0.13327918309792597,1.18964860399348,0.05643680900474246,-1.3423836487912097,1.0595102630995137,2.4540239495990424,-1.6646844376807164,3.2468129407761896,2,1,0,1,0,1,3,1
0.7083599223978938,-1.0935797969988121,-1.3532301089268706,-1.1540190990709822,1.6272632021513778,1.2736452482268092,0.5743162887515285,0.6162362017092867,0,0,0,1,4,1,0,0
-0.18078111325910357,-1.3230233353328376,-0.10739398425942083,1.195054732711828,-0.197709851180639,-3.462759194182973,1.9798421441715743,2.6382526143414635,2,0,2,0,4,1,3,0
-0.9153514391796801,-0.692334081634905,-0.5923569629441094,-1.3546351206116325,-1.5863455746205462,-0.9958270855264941,1.0165643129543915,1.4686642000979229,3,0,2,0,2,2,1,0
-1.1792091734380403,-1.4665973183299763,0.07354699403869869,0.519562942341929,-1.5738321677376106,0.27312136021737204,0.29359769749592957,2.1778688947215388,1,1,2,0,3,1,3,0
-0.5999405219708619,-0.3843880258077907,-0.526067825342598,0.15206651939545243,0.1621377716934999,1.8513406671975479,-0.6453619325159435,0.9412162412736209,1,1,4,1,0,2,3,1
-0.5317762702708166,0.29411291586247973,-0.08123978576906424,1.4503559318492554,0.8872190665419145,1.3774501051183372,1.156992025408869,1.2181528613177188,3,0,2,0,2,2,3,1
-0.6124648043813873,-0.5267110837211681,-0.962305322632589,-1.6373392488613965,1.1200236788784252,2.068811823980156,-1.706901902818462,-1.2339095449649988,0,0,1,0,4,1,0,0
-0.2278117794616969,0.004540748890863977,1.1738447517399928,-0.6150107558116167,-0.03376547012555331,0.02460239274309356,0.8323496892093576,0.9160055706505075,1,1,3,0,1,0,2,1
-0.3769680302422862,0.37596561189045724,0.07106235808510691,-0.7592361374401271,-2.158989721265815,0.9916970895734014,0.8308993754577785,0.6883111540500976,3,1,3,1,0,2,2,1
-1.0602564470482485,-0.04538648654992783,0.5811358134496456,-0.43306337305924036,0.7159682863465985,2.0402693773913585,0.7032527448254278,1.923088066254426,1,1,2,0,1,0,4,1
-0.2368489662270905,0.41357481105810284,-0.48033141985869443,-0.8307739253454554,-2.506235728438239,2.2972151334573567,-2.6029341666151478,0.3399049751655313,3,0,0,0,3,1,1,0
-1.438661750510793,0.6998706864501372,0.16565862568156314,1.3553366346648832,3.603099706920072,2.1008918953914835,2.324871816434963,-0.7472445318301757,1,1,0,1,0,2,1,1
-0.3312441465896648,-0.02591541600934244,-1.305526399824834,-1.3992589076220343,-0.49174321028324386,0.7387544174989819,1.3272148078173553,0.8418001304284477,3,1,2,0,0,1,4,1
-0.33127274624844605,-0.36224989466474333,-0.019692410824459577,-0.4555178030221483,2.987464120146252,0.4046386728032529,-3.14658332226078,0.28762204457791907,0,0,2,1,1,2,3,0
-2.1178097631801585,-1.4116397258905689,-0.9914066750817015,-0.27157482300905206,-0.24203141992213723,-1.1878961755634245,0.43142067012824536,3.15013624267634,1,1,1,1,0,1,2,0
-0.8095767178156779,0.47542874617405056,0.7643664583605311,1.145362419228513,1.0191838446279031,0.7473233457166515,-0.06968726152717591,1.4841132958266403,1,0,0,1,3,1,3,0
-0.6910654941463975,-1.3253132211519394,0.7810687862978305,-0.4329097676765108,0.1459041454732774,0.6699258221168716,-1.3462039070976735,0.297792704960887,1,0,1,1,1,1,3,0
-0.8471167340433927,-1.8946710245805938,-0.49615847364533133,-0.7751396416234215,0.1882881635575005,-1.090042756904668,-0.4885471756051123,1.772013031497016,0,1,1,1,3,1,3,0
-1.2092115659710334,-0.9570353485498593,-0.516545389046807,0.23294480493487807,-2.1789402136745455,0.7236265913914512,-1.6495948565244873,1.569102220861599,2,1,3,1,4,1,0,0
-1.2341906381573735,-0.8162957439561167,-0.6970704627710624,-1.0267123746348592,2.030527341532843,1.2460135651892954,1.5882381405006365,0.153326834618895,2,0,1,0,4,1,4,0
-0.19072110507171658,-0.6157384545055655,-0.03090435242549966,-2.3325745639280866,0.5335466769531086,0.39845451113977715,0.697310702485906,-1.148790746863765,0,1,2,1,0,2,4,0
0.15625148507545672,-1.415789924585695,-1.552385103379185,-1.9338214442668833,1.1118463301012087,3.2022806346328077,0.43046783937432803,-0.006922808055252694,1,0,4,1,1,1,1,1
0.4239417626997728,-0.7457785211469571,-1.1514400961182223,-2.1392656148004208,-0.6556128251686402,1.0442500824998082,-0.07322139200581468,-3.2079538965564653,0,0,3,1,4,0,4,0
-0.8110451023565166,-1.3119214654872706,0.07585790094106881,0.9607807883738047,-0.8416800812529878,1.7131167869059012,2.0294975197330873,0.6575789329916015,3,0,4,0,1,0,1,1
-0.49550805691985,-1.0126279100871332,0.535526226737112,-0.21782138807877371,1.7705525353192209,-0.25325926598719173,1.4435873816675717,-1.2046788152640393,2,1,3,1,4,2,0,1
-0.327621682306077,0.9555073062496362,-0.18588498237202147,-1.2090737306634345,2.390650532598147,-1.152148983615726,0.28015310806446636,-2.5146294499374116,3,1,1,1,4,1,2,0
-1.7972651812489835,0.12242699719992639,-2.348268057169236,-1.8577792799218358,-2.5883853251673132,-0.9256328717078872,1.3844082077794604,-1.691734704620795,2,0,4,0,4,1,1,0
0.11919481135463661,-1.4032723719358557,-0.9155994985682264,-0.652600943887196,-0.31359653708739554,-0.40396217440460047,-0.6629303649254917,2.543745309919936,0,0,1,1,2,2,4,0
-0.6292835737633767,0.3806895855645471,-0.7706962053437454,1.4817237611825846,-0.7231982120559293,-0.682119684985639,0.07060905212379437,2.143464390107516,0,0,4,1,2,0,1,1
-0.07294561303433755,0.11746817527542303,-0.70459677666897,0.11715522664670466,2.9763832164700084,0.2569519787529384,1.5910277622678786,0.9684827359944104,0,0,1,0,2,1,3,1
-0.8215122282845793,0.07252861407899652,0.5314914391284573,0.5596400005909299,-0.9744621362025976,-0.7605873576869308,0.7899342047469847,2.964937732473793,0,1,3,0,4,2,4,1
-1.4638758115534092,-0.5101756351169002,-0.2883403853225481,1.4604372737024802,-1.9671233368253531,0.9651185251585654,0.632854675532551,0.22042187560487608,1,1,4,0,0,0,1,1
-1.9043002534619893,0.35794347431576906,-1.1618230145047925,2.201674564928732,2.818932415695132,1.0770960918228476,0.7828597546494827,0.006256856683057088,2,1,4,1,4,1,0,1
-1.3275281297871953,0.8490885490543756,-0.8889781623915284,-1.306705135215558,0.12128859313004928,0.31538747579436677,1.378851956069321,-0.26614858092667404,3,0,3,1,3,1,1,0
0.6628334814041068,-2.1140815177990975,1.123895532303942,-2.2690710539958405,-1.7840150565676895,-0.8540386565425271,-0.4425941857804342,-0.118846669682936,3,1,4,1,2,0,1,0
-0.9767792587438913,-0.1777529899279431,-0.06405057944420928,-0.3904216485783488,0.6024131051799613,-0.8982325479808257,-0.486009483656375,-0.4275160549893251,0,0,4,0,1,1,4,0
-1.778584214441658,1.450836558675813,-0.4860847073874154,-0.6389138115444206,1.5838836273092711,-1.645462711843339,0.9949715505533644,-2.4388911205919785,1,1,1,0,3,2,0,1
-0.839991807932904,0.36818006755651783,0.12981765954947166,-0.11151456093705361,-2.49996888365801,0.8444597053241519,-0.9288444900291278,-2.090105547320729,1,1,4,1,4,0,1,1
-0.007427736230178561,-0.08733748099801586,-0.7607263489587867,0.7826025328360751,-1.1202630588724731,-1.3155251405722654,1.0990116457571686,2.268585082697941,2,0,1,1,2,2,4,0
-2.0356682108005844,0.1045016697578422,-0.10095099351387607,0.6958397424876885,1.9630968897480516,-0.0026777232046489297,-0.9862193278188821,-1.4238462377488144,3,1,3,1,4,0,3,0
-0.604545677262298,-0.28952831746005225,-0.8101061777420326,1.2671189430148746,1.9753778656525056,-0.8863352365955615,2.497457220452955,1.3890696409715644,0,1,0,0,2,2,1,1
-0.5438965290662746,-1.8889058479657796,-0.5147197392393734,-0.5780322839804739,-1.5949338107735171,0.008706602777356492,0.3877836977199314,2.088563603852238,2,0,4,1,2,2,2,0
0.4512164992754686,-0.4618436989327166,-0.2557665029139324,2.486493071172485,0.33888891799729054,0.06431326358620526,1.0964777455850534,2.879527285724149,2,0,1,0,1,0,0,1
-0.31647390605297154,0.30603056059534756,-0.8936904951735793,0.5845801201031531,-0.2922226883299272,0.9099425521121715,-0.8138325510761569,-0.4511544440578883,0,1,3,1,3,1,4,0
-0.2864217398983051,0.6224570259340265,-0.36095867479039767,0.3460928810285948,-1.2562652331556852,0.7752297821483254,-1.2484187033831349,-1.2333778686324408,2,0,0,1,4,0,2,0
-1.0236647964198804,0.390026301776037,0.5737114606510322,0.8238521388151925,-0.6749595949140765,0.5684365439022713,-1.4931605258670677,2.036379165625614,0,1,2,0,4,0,0,1
-0.5235434103832665,0.5277999237746132,-1.2380033688207206,0.6766267439433069,0.47331432540303153,2.0337996071608027,1.9324713769142132,1.7334870363723172,2,0,3,0,2,0,3,1
-1.0600862303091663,0.1423184147947949,1.1904468083413784,-0.2847929085868076,-2.4109100416155504,1.2968218532228877,-1.256799442132281,0.23954173588430927,1,1,3,1,3,1,4,0
-0.3503235371362287,0.0019351085476780328,1.1622822395393744,0.4712191237756194,0.5343552509122411,0.6537457792020552,-1.4037108221270942,0.06976622506832131,0,1,2,0,0,0,1,1
-0.34957534220100717,-0.6293753300234711,0.8033392253711479,-1.3964245824072434,-0.2617393961161634,-4.218804550401934,1.3015750875941416,0.6539548848074268,3,1,4,1,0,0,3,0
-0.1746509131405946,-1.0031912083692192,0.04347457380318964,-1.1520394293763496,0.8002033909832257,2.3991251579903974,-2.3996653833335406,1.323337770638175,2,1,0,1,3,2,1,1
1.0016525754157029,-1.5918020204033096,0.6058929706840469,-0.28530300796492214,2.601835522571892,1.3490700243980736,0.2874270683700696,0.6375172558883353,0,0,2,0,2,1,1,1
0.32165178450598675,0.7216762079816559,0.6521305183023791,-0.24794478137062978,2.2333352475830255,-1.553695076535933,-1.706075163934166,0.927328690721829,2,1,2,1,0,0,4,1
-0.9537876572584195,-0.42020073171808997,-0.9345681725788623,-0.36266036635090787,-0.14645672879841476,-2.022213093277708,-1.6815407820508006,1.3856327336726983,3,0,1,0,4,2,4,0
-1.0054668611584612,0.157174162709719,0.9729548549711441,0.0059447625197553144,-0.008117331230503344,3.4453632546421655,2.6328477499171954,1.749408845470676,1,0,2,0,3,0,4,1
-0.8369032202928728,-0.1274258067030971,-1.3640555112168515,1.945179041905474,-0.5315975922618805,-3.4711899495962255,-0.7649820654619185,-1.4792800461177356,3,0,2,0,1,1,1,0
-0.565558105313284,0.29922665766385587,0.26588854276288393,0.681428650562254,-1.7723505539333562,-1.6964505912705177,-0.07127981717586801,1.785425753309018,0,0,1,0,1,2,0,0
-0.14254465296977076,-0.9437608429495508,-0.906258455519308,-1.0122003335388086,-0.9689594594708448,-0.3734617856301454,1.1026742951728459,2.0574536231312863,3,0,2,1,3,2,4,0
-0.8745254167203358,2.506674702830138,-0.2569963546471785,0.30957599516165674,-2.8511946715183587,-0.39423961558356313,1.7311140516057844,1.6808894648535224,1,1,4,1,2,1,2,1
-0.43611092332942014,-0.3147103809866318,-0.6406660907061675,0.6544604155814346,0.13772699280879758,0.6868450376614923,-2.2619426554877067,0.6520475547749663,0,1,4,1,0,0,0,1
-0.4099677302687502,-1.8018479276544233,0.09491131836806382,-0.2616854727410415,-1.4787050107050361,0.3025301596786879,-1.330930410196817,1.1201034480134529,3,0,4,1,0,1,1,0
0.5906399893443368,0.029328435665109287,-0.4690385432603039,1.1483669271502404,-1.5205980035427378,-0.1712160986708648,0.16456285944944277,0.1477191360611903,3,0,2,1,1,2,0,1
-1.7275219317509691,0.4764350719784907,-0.18348585997529854,0.27144029616468673,-0.42110842776004487,-0.46170171379911007,-1.0880262488761767,1.9645229725780435,3,1,4,0,3,1,0,0
0.2781883209234546,-0.9339141423585604,-1.9203034136615842,-0.5727712376696115,-0.3195231978768387,2.1658265762458293,-0.9632532405364332,0.16873921108130135,3,0,1,0,0,1,4,0
0.10768995706212037,0.29498232601368063,-0.2953864190393438,-0.6547878340057578,-2.30224311714153,1.1175634290900651,-1.752624592333035,3.1265154983863988,3,0,0,1,1,1,2,0
-0.31850747155219056,-0.026961955513908398,0.8611567821926983,0.40968943096819116,-0.33313406615452795,-0.5993649571861376,-2.58532468297622,1.1607386605154937,0,0,0,0,2,0,3,0
-1.9486300766886164,-1.5380712547624837,0.3960025248426272,-0.8046661249638709,-0.2964841039326712,0.09828334837052874,-0.1029371963867568,1.4166845023015038,0,1,0,0,1,0,4,0
-0.6967149441755851,-0.3243268873367127,-0.6435230419737483,0.8163038680051677,0.18242837843439963,-1.5198729128802846,0.3535013286018715,1.142120083532733,2,0,0,1,2,2,2,0
-0.4433009282108697,-1.381990525657531,1.6589557353002506,-0.6274082282404414,0.24715927403398846,0.7932887825598225,2.908781730941565,1.8494944894976093,3,1,1,0,2,0,4,1
0.7464224516549915,-0.2820089051917858,0.12767476378947712,-0.4600270360829992,0.11840069606620758,-0.38934575156573026,0.6347455797780851,-0.34828769558607786,1,0,4,1,2,2,4,1
-0.24917557067133778,-0.46254529655038124,0.5303165588862143,0.9010863269857596,0.8106617828331134,-3.5595710034637458,1.6364437471564788,1.8724764049220284,2,1,1,1,2,0,1,0
-0.5057385059334106,-0.3557562667031686,-0.23238756423021645,0.06364731434700341,0.44739620042714817,-2.2492371976592294,-0.6890532330255451,4.937350543298077,0,1,3,1,4,1,2,1
-0.012546125891248594,-0.32470483654322546,-1.3856799012240568,2.6844846530046653,0.8773190202368352,2.0584605450191304,1.9954185624237826,-2.382525146089021,0,0,3,0,1,2,0,1
-0.6251987397396929,-0.7644047805625012,0.38946482317617914,-0.24333320761977625,-0.8420763195510097,1.586760843628887,-0.551296301176657,2.8700649084060195,1,0,0,0,4,0,0,0
-0.35466932712319515,-1.5301286088344572,0.30609774391677813,-0.15092209053945316,-0.6349829409654029,0.13499377109615424,3.410232542692013,1.194691410952661,0,1,2,0,4,0,3,1
-1.1479620102039463,-0.3498396725917872,-1.3891945389925664,0.9177954664344088,-0.8781751069648961,-2.1143987250452403,0.8441240871673036,-0.3017637635128617,2,1,4,0,2,1,4,0
-1.102928729881798,0.25490317720190153,0.18708322779015835,0.09442518279445491,0.9919316462109705,1.4871141089935047,1.7746136165112802,-0.6052088356671894,2,0,3,0,4,0,2,1
0.2849447304597059,-0.5236530763705591,0.08387705008765811,-1.2579466890182032,-2.2915693572237235,-0.26014936748933304,0.653071737181186,1.5452680480692165,2,0,0,1,3,2,3,0
-0.7845557130731192,-0.5899932656010838,-2.0311740955684146,0.12366770769378621,2.3335805896087622,-2.58250150534512,-0.8353104813074544,1.7944051562429861,1,0,2,1,4,1,2,0
-0.9091697754796637,-1.2888229435790917,0.7295669074470265,-0.2749734709165103,0.8330505617751153,-3.334319178482107,-2.54258563778368,0.8677928106172119,0,0,0,0,3,0,3,0
-1.1549014895308591,-0.943550652756223,1.035395573255549,0.12748692562095898,1.2450103155119276,-2.555605255298433,-0.5935962612047836,1.0802388725087937,3,1,1,1,1,2,1,1
0.023127121261381722,-0.12586612469235633,0.5504080477871846,-1.7106656144601127,1.3653394021698475,-0.19776213773605167,1.8376033237851521,2.153093323269995,3,0,2,0,0,0,1,1
-0.8477005695118777,0.09017141164197662,-0.8497123990505678,1.39269551735557,0.4090799505032981,3.190053188038605,0.31521033992533176,3.5624733722708433,2,1,4,1,4,1,1,1
-0.29927856063957065,0.34103416135747816,-0.5686203336564846,0.11884319351162068,1.7579211813727578,-1.2234818995162537,0.5473368051560217,1.0127558186500287,1,1,0,1,2,0,0,1
-0.25729515381688584,0.3558731431551891,-1.0857949404272427,-2.990763972165547,0.400140688250824,-0.9110197436620953,0.7714567705877102,2.2924464089581056,1,1,2,1,1,2,1,1
-0.9292707111801326,-0.6613614125515621,-0.2465817058084025,0.9013897773295043,0.49509103624025197,0.3665302623186267,-2.2039550222808075,2.0390382745435875,3,1,0,0,4,2,1,1
-0.677440838556747,0.14280520700076876,0.3669527003576202,-1.2799628917039176,1.6427114831645333,-1.2586230187371985,0.08858819809218849,-3.3130401396053664,0,1,1,0,0,2,1,1
-0.23662228100857485,0.1760658534334511,0.28839557547880057,1.2233175780966918,0.614364430558837,-1.6252673554491917,2.2675138788401825,4.877762113817781,0,1,3,0,2,0,3,1
0.03164165253854723,0.2123574974058266,-1.4427855480979095,2.069621451020789,-0.3646126988601677,1.8259483361317974,0.5188069011571732,1.8666445469958037,0,0,3,0,0,1,1,1
-0.11757615992950765,-1.1134054085346994,0.8795433776866161,-1.8140965296090708,0.9335162575084053,-0.9952810219157664,-0.34916488271445745,2.531383471663488,1,0,4,0,2,1,1,1
-0.12412475320013455,-0.9868605061496134,-0.6288648406845214,-0.6017716357433995,-0.3487323685194717,2.6863738940014485,2.555253970211111,4.386100146683596,3,1,4,1,2,2,4,1
0.3910913792221289,0.12658537091388194,0.4138134823935373,0.35714646284029833,1.541804824525596,-0.2645304112977954,0.41280149559026036,-2.6466590966107306,0,0,3,1,1,1,4,1
-0.026326070999657503,-0.376251465744497,-1.940002198737877,-0.10802700343239464,0.13458109532757456,0.7739026408184514,3.664515079734744,1.5668779632873573,2,1,3,0,1,0,3,1
0.010091329573556518,0.32188358594219885,1.6585547673314847,0.816303737278131,-1.4394406418520331,-1.377185388995149,-0.15318274357672124,-0.2981422884909305,3,1,0,1,4,2,4,1
-1.3660330466829702,-1.019880800937857,1.2537236514566503,-0.39076500021219446,0.05808026188349768,-2.0277528467620574,1.3536915533326748,0.5558562924893773,3,0,2,0,1,1,1,0
-1.0733337412817545,-0.6565393301083005,0.6702482014396433,1.2539522735997803,0.37874158125251856,-0.17326349163900578,0.09091678920690854,1.062898505252031,1,0,3,0,1,2,3,1
-0.5122148403688046,-0.109721110930624,-0.7670531319030188,-0.3355606100811029,0.3385061907263845,0.1472187783201802,0.4196084853814042,-0.46195044583808786,1,1,4,1,1,2,2,1
-0.20950913766870427,-0.24383356219936086,-0.9718105897685928,1.9515230979028144,-0.008276848442836687,0.7036538444180227,-2.1928293966319896,1.0788737827060264,3,0,3,0,3,0,3,0
0.47991076292873847,-1.807585893740417,0.5031107201206656,-1.0121535539807534,-1.7004630283727669,-1.7975149970847466,2.7216342353511527,-0.7054663734483118,2,0,0,1,2,1,1,0
-0.5615564999051817,-1.9871798943381191,0.4748614126658919,0.12890673131298655,0.46980466641706303,2.147688688224295,-1.8453667994765413,-2.0684321266913472,1,0,3,0,1,1,2,1
-0.29265577966613254,-1.0181915605007275,-1.126910138569743,-2.4719762840098207,2.450759999449798,-0.4139304065620706,-2.6130757267118194,1.3556628252173355,2,0,3,1,3,1,3,0
0.251811517406488,0.1494235999320223,1.725612054922701,1.2833770555468533,-1.1083754447500058,0.6285522838630835,2.521721409132323,1.3396174095131457,1,1,4,1,4,2,0,1
-0.7175031250829967,-0.3992867488492266,-1.3321870971389078,1.7059675158950782,-2.0022443711359417,0.9977414040078639,0.05524215830485735,0.2379026927040072,2,1,0,0,1,0,1,1
-0.21904145221015525,-0.22381941924764387,0.19674190043479856,1.8988741811093486,0.6286541057739988,-2.2633899187025275,-0.1181575212695602,-0.9957877544606071,1,1,1,1,3,1,4,1
-0.9096551316656423,-2.2023966353093924,-0.9434327515698657,-1.2909217934829236,0.3634882949112889,1.8672091920228862,2.873287878009171,0.994430489193983,0,1,0,1,2,2,4,0
-0.04630677562314689,-0.2915779388713115,1.994666903695114,-0.5174770905947732,0.08323954564814995,-1.965414408926702,-0.6743386530034351,-0.6965977998832908,1,1,2,0,4,0,4,1
-0.6237721417797821,-0.05574993659275945,-0.20702095645731416,0.0871624201865942,0.28217856074051295,0.041890394032338824,-0.7494007359081308,-1.5615386543630194,3,0,4,0,3,1,2,0
-1.1375956390172228,-0.6992414698305454,-0.11491849972209751,0.4083145358586296,2.488251651099336,1.4200864373083433,3.5267689009894467,-0.8098563640625063,0,0,3,1,1,2,0,1
-0.48936402125834716,-0.6543573802581624,-0.32739934507394225,-0.026768635904745146,1.8741491594678794,4.591131687298772,-2.500785947041801,-0.7887455662121898,0,0,1,0,1,2,3,1
-0.04158566506653155,0.5008087960779195,-0.9847273280281527,-0.1962647945964789,0.2761669130556975,1.47824602138436,2.185110394621586,-0.2851630432732343,2,0,0,1,2,0,4,0
0.045228052098093774,-0.9557707925579235,-2.7995227705152836,-0.29207724205354324,0.24313549597823025,-0.6978345634422006,0.41473723091323644,0.8706795478768319,1,0,1,0,0,1,3,0
-0.5230168668547392,0.22614730261397592,0.61981881750631,1.3372061322366864,0.34195908204498426,1.2788346800435295,1.6041759791067194,1.5177815767801932,1,1,4,0,4,2,1,1
0.46570201596580074,-0.9221480902177503,0.6102016709644819,1.6865508454282423,1.4403307010749562,-2.4285845455258803,3.3529361232309434,-1.734008086988835,2,1,3,1,3,2,0,1
-0.06686720168035504,-0.19125709887306183,0.7642569080922141,-0.9247973668090164,0.7311323949000643,4.20744265789092,4.840459056320895,3.1242975183382797,2,0,3,0,4,1,0,1
0.7128006856234548,-0.5159195119896898,-1.3242456566028467,0.29174138711356923,2.336908906018188,1.6142042923445217,0.6505275471060974,1.9617345344278005,0,0,4,1,2,0,4,1
0.3349409433143451,0.2245534626306162,0.8148020086773172,1.1374482907337118,-2.837687769528176,-0.7251260056189405,0.4230515661047079,1.4199783606921361,1,1,2,1,1,1,4,1
-0.2035289071250922,0.30764043016394377,-1.159172716322597,0.46155971386329403,1.888894406216233,-0.35353199630153787,-0.15695424666167346,0.7092401311489288,0,0,2,0,4,1,2,1
-0.1118367206277433,-0.033513444685287386,-0.03331303758903911,0.031205465894486237,0.2439307218466768,-0.057218295294071075,2.4566408492842178,-0.3289287852410686,0,1,3,1,0,1,2,1
-1.7943921267059444,-0.7504618839541304,-0.01991047881450092,1.1223409501793262,-1.1998734392620451,-0.23884957768544762,-0.011094990172643315,2.660760384761407,1,0,2,0,2,2,0,0
0.33713860106321547,-1.5862395224865318,-0.5339938149644201,0.5973973295784631,1.8134702665191358,0.4285635789406935,2.682436828867638,-0.35738520678412655,3,1,4,1,4,0,4,1
-0.28006095665763764,1.3552134666612903,0.20948631931141748,0.6294892827874616,-1.0145191073988429,0.7992968101532593,1.7098686658103044,-2.4965638840285758,3,0,0,0,2,1,4,0
0.3411918018386647,-2.2861342010544257,-0.6428295276321268,-2.502614986494545,-2.487469670115221,0.16263827402519604,0.28292985417237626,4.687575186160204,0,0,0,1,0,1,4,0
0.32340945491074624,-1.170908099486927,0.2351089617691005,1.2286012928021026,0.8228213706534432,-0.6284642873605597,1.862979323811496,2.566357546480811,0,1,3,0,3,0,0,1
0.055449346570610514,0.33377260035047823,0.9260165241032675,1.8547084613554903,-0.5399143446905839,-1.4330263206807061,0.35186333390564845,-1.9463346285132745,2,0,2,1,3,0,1,0
-0.9743028385978519,0.0746367027129044,-0.3567369504870036,0.3751872581984992,-3.591026394824552,0.7340304453459692,1.1793085722031031,1.8444379626987484,2,1,1,1,4,1,0,0
-0.05701956857640428,-0.34949491676679106,0.008417593159532333,-1.241549366482488,1.6710796640419667,-0.40172099982386966,-0.5647220205907338,0.32430210200753945,0,0,3,1,4,2,2,1
-0.06127805679438514,-0.793881615088515,-0.5417687761929824,-1.1574519823258016,0.15521645355261268,0.24524187596270172,1.8828600577144763,0.5861366828423052,2,1,1,1,1,2,3,1
-0.42736690223753704,-0.6168948393423762,0.4872586130109542,-0.19311712797268546,1.94801338642699,0.5648418395028127,0.3044403851457553,1.0444773952942588,1,0,0,1,2,0,0,1
-0.4379190529987838,-0.14996528641394063,-0.9989052319503565,0.049626005217216176,-0.4617202110489558,-1.052995286242677,5.136099315808792,2.016888401632528,1,1,4,1,2,0,3,0
-0.6398705685433346,-0.6318788071012869,-0.07448095301037488,1.3370354511808884,1.1211077786542745,1.558396960029118,-2.4911196749655913,-0.35649042644001194,3,1,2,0,0,2,3,1
-0.06396479329680316,-0.16520386831581718,-1.5452138302493568,2.3007964069551594,0.37797424460160256,-0.8747339382501178,0.6419849772319923,0.9662767919870523,0,1,3,1,1,2,1,1
-0.7486774822707399,-1.2064092417898618,-0.08034850971517626,-1.7971593075306207,0.712622686166936,-2.188417845986959,0.6173657310808571,1.687746422349076,3,0,4,0,2,1,0,0
-0.14484178617232862,-0.5979954434655285,1.3048296796866459,-0.20548443513316228,-0.5920941801099359,-1.3706419852263163,-2.3114873955461674,-0.3923530361269627,2,1,2,0,3,2,1,0
-0.9294313476993004,1.3010498806218205,0.9407859825640911,0.4738289797824528,-1.3240103276891502,1.1368205934599482,0.2040023783537907,1.4032453933665194,0,0,1,1,4,1,1,1
-1.2444162661356133,-0.6852942831331951,0.6873962809641216,0.5112789528449799,-0.3693583659674538,-2.240325735158713,2.020125518021675,2.9649427630059817,1,1,4,1,1,2,1,1
0.3166059234218487,-0.3134456400154301,-0.8502121836888082,0.5458506921122608,-0.419182734197865,-1.5214516510814282,1.8146877400176167,0.6673773757449407,3,1,0,1,1,1,2,0
0.1574475801873496,-1.1360879931099728,-0.4876910217671835,1.1298648464113212,-0.5321623874107684,0.059036461214663355,3.1237797024116074,-1.6716576983471798,2,1,1,0,4,1,1,1
-1.2393389647441018,-1.9263905947564919,-0.6096169599209644,0.45289496186335015,3.4621869006297903,1.6364567915063943,0.2477715084455504,1.1755866243150104,0,0,3,1,4,2,4,1
-1.8861517586586327,-1.6946275732204124,-0.5936067250409585,-1.8237750486350313,-0.13088638968848323,0.7239825158095957,1.7255876372926648,2.742645578693319,0,0,3,0,4,2,4,0
-0.31323375041013335,-0.014395034186180045,-0.0605947350696569,-1.5498553465335825,1.5127277302904178,-0.6873388227031427,-1.3212165248530696,2.0242004100987554,2,0,3,0,2,1,4,1
-0.3713651049382405,1.1033812293052558,-1.5282720514757968,-0.03973263737538343,1.7436733929449437,-1.223859411345921,1.848630160139645,2.3134160426241,0,0,4,1,0,1,0,1
0.10717968418410073,0.09207731003296937,-1.8882566810908794,-1.2144390818865818,0.8205970986784459,0.8121836091504597,0.954920842045999,0.6878543884566375,2,0,0,1,1,1,2,0
-1.0826271479752887,-0.5717121122562262,-0.7711897492298542,-0.8834639642807911,2.075555119932642,-0.5685873204876395,3.028896724500582,-2.4108647680164945,2,0,4,0,2,0,1,0
0.4474625868347415,-0.6863762073440959,-0.27708148682632033,-0.31550189664251954,1.6134073692218478,1.175282282360117,-1.306240202285855,0.8569488566705099,1,1,0,1,2,1,1,1
-1.008304632319906,-0.4131147477632506,0.7656169052546253,0.7612975223587373,-0.26806929398577173,-1.1511061791060635,-1.2655308721442649,3.165892155785946,1,0,1,1,2,1,0,0
-0.5386477107917744,0.5484464434951635,-0.2939683266850166,-0.22374364357192625,-0.6151866690188692,1.8900544010074967,-1.7080265728278103,-0.7240238796204499,0,0,4,1,3,1,0,0
-0.5653808497840931,0.9188257473449231,-0.9391133308419768,-0.13283753500938889,-0.2238113530255179,1.5237829056499923,2.084390695909895,-2.9658311266767505,2,1,1,1,1,0,3,0
-1.0031177681961125,-0.14102512406659976,-1.4245494443059634,-1.2056302633871303,0.9592244860904577,-0.37244416449167017,-0.010451995973121242,-0.36628610470093104,2,0,3,1,2,1,4,0
-0.5870627356420424,-1.2970546412889907,-1.903941660824163,-0.1451806922057009,-1.5843334157457158,-3.7694757947948077,1.1875049910474722,2.06123730114222,0,1,1,0,2,2,2,0
-1.096460945503666,0.9094131081550354,-0.17631511436032576,0.02787607552810613,1.1406956073846002,0.5780214367912735,-2.8240936918078283,-1.5867108288707437,1,0,2,0,0,2,4,1
-0.41451010846891906,0.8052199661183843,0.09256477629909482,-1.0601036685821252,1.948787367883549,-0.3152855799920433,2.1242311261747675,0.4764567394576271,2,0,3,0,2,0,0,1
-1.161518700737033,0.3307332494438953,0.3414602224745531,-0.08178439326723952,1.7288818555728527,-1.3819150281668517,-0.8332913390103759,3.770073851954697,1,1,2,1,0,2,3,1
-0.5889655910546211,0.5331319322461421,-0.8578531931119149,1.630268259148477,-2.4771147299156704,0.3758974346940406,0.4714873330727857,-0.043398693668758814,2,0,3,0,3,1,2,1
-0.9706898549651521,-1.0550076475735575,-0.57564830329887,-0.2190934218733425,0.7196715245457973,0.3183453346433005,-3.345362544379288,-1.6418572209468252,3,1,2,1,0,2,4,0
-1.187731812921762,-0.41237322754739325,0.25292964249353206,-0.18672074245408238,-0.8906433772183763,-0.2262314024654401,1.006709108674852,1.240512387740387,2,0,0,1,4,2,4,0
-0.6815909090429694,0.06343531981772355,1.2047379626314965,-0.2687844768401697,-0.013854974526750635,-1.2371356065199037,5.180019659238176,1.2308868812919354,2,1,4,0,3,1,2,1
-1.249634891378578,-0.30566410335968985,-1.1059032178036605,-1.4668041377241163,0.22004504258961124,0.008034597716996772,1.6419533502119652,-0.876420589922422,2,0,2,0,1,2,2,0
-0.041864997924725644,-1.4549086216210698,-1.0233450454564323,1.4868378151714412,1.1959643530989457,0.3212638119038485,-1.552165054049277,2.9551393465644056,1,1,3,0,1,0,4,1
-0.7472922355255085,-0.9299415877873598,-0.11256225570661109,-0.42226178800776054,-1.9073066932200156,0.6317973105405861,0.1841267848824593,-0.2636967981837489,2,1,0,0,2,2,2,0
-0.9346599623996533,-1.5038672605107464,0.8223795855804757,-0.7241749432366129,0.4970835220727669,-1.4125469564150759,0.164873941356294,0.158696935511058,1,0,4,0,2,1,0,0
-0.3964174764353328,-1.1762005268117632,0.9334495145167726,1.7760914018462606,0.6743730582764756,0.013057209207692877,-0.31821210189172566,-2.5732688313119927,0,1,0,1,2,0,4,0
-0.8998399559474535,-0.7178900792249503,-0.6369306000976347,-1.5380580365043948,2.424963116007393,-1.1521957511412708,0.02431294067605294,-1.8525260991249657,1,0,2,0,4,0,0,0
-0.8378073859345649,-1.3097111915077468,-1.8344892815351876,0.5913267347043321,0.3622193775611075,0.510651720199232,3.859127930722932,1.453959455686526,2,1,3,1,0,0,0,1
-0.5107438816663223,-0.7270959723188676,-0.08600865518609149,0.48305747843836594,0.12590598382098375,-1.7957335735862794,1.7303601226797776,-1.1376663180189235,1,0,2,1,2,2,4,0
-0.5189912413829796,-1.7994172341989592,-0.9956534025295827,1.7973581140413992,0.9410185670648716,1.8560722901822206,4.101093777566201,1.978570171427525,2,1,4,1,1,1,1,1
-0.3640266209902838,-0.9178530860502025,0.4833757771881867,-0.35349490022922503,0.5457201242133174,0.8632065755897976,-2.749513065375217,-3.6977263395824345,3,0,4,1,4,2,3,0
